actionNumber,clock,timeActual,period,periodType,actionType,subType,qualifiers,personId,x,y,possession,scoreHome,scoreAway,edited,orderNumber,isTargetScoreLastPeriod,xLegacy,yLegacy,isFieldGoal,side,description,personIdsFilter,teamId,teamTricode,descriptor,jumpBallRecoveredName,jumpBallRecoverdPersonId,playerName,playerNameI,jumpBallWonPlayerName,jumpBallWonPersonId,jumpBallLostPlayerName,jumpBallLostPersonId,area,areaDetail,shotDistance,shotResult,blockPlayerName,blockPersonId,shotActionNumber,reboundTotal,reboundDefensiveTotal,reboundOffensiveTotal,pointsTotal,assistPlayerNameInitial,assistPersonId,assistTotal,turnoverTotal,stealPlayerName,stealPersonId,officialId,foulPersonalTotal,foulTechnicalTotal,foulDrawnPlayerName,foulDrawnPersonId,GAME_ID
2,PT12M00.00S,2023-01-09T02:10:25.2Z,1,REGULAR,period,start,[],0,,,0,0,0,2023-01-09T02:10:25Z,20000,False,,,0,,Period Start,[],,,,,,,,,,,,,,,,,,,,,,,,,,,,,,,,,,0022200604
4,PT11M54.00S,2023-01-09T02:10:29.5Z,1,REGULAR,jumpball,recovered,[],1629611,,,1610612746,0,0,2023-01-09T02:10:29Z,40000,False,,,0,,Jump Ball I. Zubac vs. O. Okongwu: Tip to T. Mann,"[1629611, 1627826, 1630168]",1610612746.0,LAC,startperiod,T. Mann,1629611.0,Mann,T. Mann,Zubac,1627826.0,Okongwu,1630168.0,,,,,,,,,,,,,,,,,,,,,,,0022200604
7,PT11M36.00S,2023-01-09T02:10:47.5Z,1,REGULAR,2pt,Jump Shot,['pointsinthepaint'],1627826,93.08475689881735,40.68627450980392,1610612746,0,0,2023-01-09T02:10:52Z,70000,False,-47.0,13.0,1,right,MISS I. Zubac Jump Shot - blocked,"[1627826, 1630168]",1610612746.0,LAC,,,,Zubac,I. Zubac,,,,,In The Paint (Non-RA),0-8 Center,4.82,Missed,Okongwu,1630168.0,,,,,,,,,,,,,,,,,0022200604
8,PT11M36.00S,2023-01-09T02:10:47.5Z,1,REGULAR,block,,[],1630168,,,1610612746,0,0,2023-01-09T02:10:50Z,80000,False,,,0,,O. Okongwu BLOCK (1 BLK),[1630168],1610612737.0,ATL,,,,Okongwu,O. Okongwu,,,,,In The Paint (Non-RA),0-8 Center,,,,,,,,,,,,,,,,,,,,,0022200604
9,PT11M33.00S,2023-01-09T02:10:50.5Z,1,REGULAR,rebound,offensive,[],1627826,,,1610612746,0,0,2023-01-09T02:10:52Z,90000,False,,,0,,I. Zubac REBOUND (Off:1 Def:0),[1627826],1610612746.0,LAC,,,,Zubac,I. Zubac,,,,,In The Paint (Non-RA),0-8 Center,,,,,7.0,1.0,0.0,1.0,,,,,,,,,,,,,0022200604
10,PT11M30.00S,2023-01-09T02:10:53.9Z,1,REGULAR,3pt,Jump Shot,['2ndchance'],1629611,67.85479632063075,35.5392156862745,1610612746,3,0,2023-01-09T02:11:19Z,100000,False,-72.0,250.0,1,right,T. Mann 26' 3PT pullup (3 PTS) (I. Zubac 1 AST),"[1629611, 1627826]",1610612746.0,LAC,pullup,,,Mann,T. Mann,,,,,Above the Break 3,24+ Center,26.0,Made,,,,,,,3.0,I. Zubac,1627826.0,1.0,,,,,,,,,0022200604
12,PT11M20.00S,2023-01-09T02:11:04.3Z,1,REGULAR,turnover,bad pass,[],1627749,,,1610612737,3,0,2023-01-09T02:11:09Z,120000,False,,,0,,D. Murray bad pass TURNOVER (1 TO),"[1627749, 202695]",1610612737.0,ATL,,,,Murray,D. Murray,,,,,Above the Break 3,24+ Left Center,,,,,,,,,,,,,1.0,Leonard,202695.0,,,,,,0022200604
13,PT11M20.00S,2023-01-09T02:11:04.3Z,1,REGULAR,steal,,[],202695,,,1610612746,3,0,2023-01-09T02:11:06Z,130000,False,,,0,,K. Leonard STEAL (1 STL),[202695],1610612746.0,LAC,,,,Leonard,K. Leonard,,,,,Above the Break 3,24+ Left Center,,,,,,,,,,,,,,,,,,,,,0022200604
14,PT11M15.00S,2023-01-09T02:11:09.6Z,1,REGULAR,2pt,Layup,"['pointsinthepaint', 'fromturnover', 'fastbreak']",1629611,92.69053876478318,53.18627450980392,1610612746,5,0,2023-01-09T02:11:15Z,140000,False,16.0,16.0,1,right,T. Mann cutting Layup (5 PTS) (K. Leonard 1 AST),"[1629611, 202695]",1610612746.0,LAC,cutting,,,Mann,T. Mann,,,,,Restricted Area,0-8 Center,2.27,Made,,,,,,,5.0,K. Leonard,202695.0,1.0,,,,,,,,,0022200604
16,PT10M59.00S,2023-01-09T02:11:25.9Z,1,REGULAR,2pt,Jump Shot,['pointsinthepaint'],1629027,20.154402102496718,50.0,1610612737,5,0,2023-01-09T02:11:30Z,160000,False,0.0,137.0,1,left,MISS T. Young 13' driving floating Shot,[1629027],1610612737.0,ATL,driving floating,,,Young,T. Young,,,,,In The Paint (Non-RA),8-16 Center,13.7,Missed,,,,,,,,,,,,,,,,,,,0022200604
17,PT10M56.00S,2023-01-09T02:11:28.2Z,1,REGULAR,rebound,defensive,[],201587,,,1610612746,5,0,2023-01-09T02:11:28Z,170000,False,,,0,,N. Batum REBOUND (Off:0 Def:1),[201587],1610612746.0,LAC,,,,Batum,N. Batum,,,,,In The Paint (Non-RA),8-16 Center,,,,,16.0,1.0,1.0,0.0,,,,,,,,,,,,,0022200604
18,PT10M33.00S,2023-01-09T02:11:50.5Z,1,REGULAR,2pt,Jump Shot,[],202694,76.60972404730617,70.73759191176471,1610612746,7,0,2023-01-09T02:11:57Z,180000,False,104.0,167.0,1,right,M. Morris Sr. 19' pullup Jump Shot (2 PTS) (K. Leonard 2 AST),"[202694, 202695]",1610612746.0,LAC,pullup,,,Morris Sr.,M. Morris Sr.,,,,,Mid-Range,16-24 Right Center,19.69,Made,,,,,,,2.0,K. Leonard,202695.0,2.0,,,,,,,,,0022200604
59,PT10M15.00S,2023-01-09T02:12:04.4Z,1,REGULAR,2pt,Jump Shot,['pointsinthepaint'],1627749,12.795663600525614,55.14705882352941,1610612737,7,0,2023-01-09T02:17:52Z,195000,False,-26.0,68.0,1,left,MISS D. Murray 7' Jump Shot - blocked,"[1627749, 1627826]",1610612737.0,ATL,,,,Murray,D. Murray,,,,,In The Paint (Non-RA),0-8 Center,7.25,Missed,Zubac,1627826.0,,,,,,,,,,,,,,,,,0022200604
60,PT10M15.00S,2023-01-09T02:12:04.4Z,1,REGULAR,block,,[],1627826,,,1610612737,7,0,2023-01-09T02:17:52Z,197500,False,,,0,,I. Zubac BLOCK (1 BLK),[1627826],1610612746.0,LAC,,,,Zubac,I. Zubac,,,,,In The Paint (Non-RA),0-8 Center,,,,,,,,,,,,,,,,,,,,,0022200604
61,PT10M13.00S,2023-01-09T02:12:06.4Z,1,REGULAR,rebound,offensive,[],1627749,,,1610612737,7,0,2023-01-09T02:17:52Z,198750,False,,,0,,D. Murray REBOUND (Off:1 Def:0),[1627749],1610612737.0,ATL,,,,Murray,D. Murray,,,,,In The Paint (Non-RA),0-8 Center,,,,,59.0,1.0,0.0,1.0,,,,,,,,,,,,,0022200604
20,PT10M05.00S,2023-01-09T02:12:18.4Z,1,REGULAR,2pt,Jump Shot,['2ndchance'],1629027,27.989487516425754,35.76133578431373,1610612737,7,2,2023-01-09T02:17:52Z,200000,False,71.0,211.0,1,left,T. Young 22' step back Jump Shot (2 PTS) (D. Murray 1 AST),"[1629027, 1627749]",1610612737.0,ATL,step back,,,Young,T. Young,,,,,Mid-Range,16-24 Right Center,22.23,Made,,,,,,,2.0,D. Murray,1627749.0,1.0,,,,,,,,,0022200604
22,PT09M47.00S,2023-01-09T02:12:37.3Z,1,REGULAR,2pt,Layup,['pointsinthepaint'],201587,93.74178712220763,45.833333333333336,1610612746,9,2,2023-01-09T02:12:41Z,220000,False,-21.0,6.0,1,right,N. Batum Layup (2 PTS) (T. Mann 1 AST),"[201587, 1629611]",1610612746.0,LAC,,,,Batum,N. Batum,,,,,Restricted Area,0-8 Center,2.17,Made,,,,,,,2.0,T. Mann,1629611.0,1.0,,,,,,,,,0022200604
24,PT09M35.00S,2023-01-09T02:12:52.0Z,1,REGULAR,foul,personal,[],202694,,,1610612737,9,2,2023-01-09T02:13:01Z,240000,False,,,0,,M. Morris Sr. personal FOUL (1 PF),"[202694, 1628381]",1610612746.0,LAC,,,,Morris Sr.,M. Morris Sr.,,,,,Restricted Area,0-8 Center,,,,,,,,,,,,,,,,2882.0,1.0,0.0,Collins,1628381.0,0022200604
26,PT09M32.00S,2023-01-09T02:13:10.0Z,1,REGULAR,2pt,Layup,['pointsinthepaint'],1627749,7.276609724047319,48.0392156862745,1610612737,9,4,2023-01-09T02:13:15Z,260000,False,10.0,16.0,1,left,D. Murray reverse Layup (2 PTS) (D. Hunter 1 AST),"[1627749, 1629631]",1610612737.0,ATL,reverse,,,Murray,D. Murray,,,,,Restricted Area,0-8 Center,1.87,Made,,,,,,,2.0,D. Hunter,1629631.0,1.0,,,,,,,,,0022200604
28,PT09M16.00S,2023-01-09T02:13:26.3Z,1,REGULAR,2pt,Jump Shot,['pointsinthepaint'],1627826,83.75492772667542,50.0,1610612746,9,4,2023-01-09T02:13:31Z,280000,False,0.0,100.0,1,right,MISS I. Zubac 10' floating Shot,[1627826],1610612746.0,LAC,floating,,,Zubac,I. Zubac,,,,,In The Paint (Non-RA),8-16 Center,10.02,Missed,,,,,,,,,,,,,,,,,,,0022200604
29,PT09M11.00S,2023-01-09T02:13:31.3Z,1,REGULAR,rebound,offensive,[],1629611,,,1610612746,9,4,2023-01-09T02:13:31Z,290000,False,,,0,,T. Mann REBOUND (Off:1 Def:0),[1629611],1610612746.0,LAC,,,,Mann,T. Mann,,,,,In The Paint (Non-RA),8-16 Center,,,,,28.0,1.0,0.0,1.0,,,,,,,,,,,,,0022200604
30,PT09M11.00S,2023-01-09T02:13:30.4Z,1,REGULAR,2pt,Layup,"['2ndchance', 'pointsinthepaint']",1629611,94.40999984741211,50.0,1610612746,9,4,2023-01-09T02:13:35Z,300000,False,0.0,0.0,1,right,MISS T. Mann tip Layup,[1629611],1610612746.0,LAC,tip,,,Mann,T. Mann,,,,,Restricted Area,0-8 Center,0.0,Missed,,,,,,,,,,,,,,,,,,,0022200604
31,PT09M11.00S,2023-01-09T02:13:30.4Z,1,REGULAR,rebound,defensive,[],1630168,,,1610612737,9,4,2023-01-09T02:13:35Z,310000,False,,,0,,O. Okongwu REBOUND (Off:0 Def:1),[1630168],1610612737.0,ATL,,,,Okongwu,O. Okongwu,,,,,Restricted Area,0-8 Center,,,,,30.0,1.0,1.0,0.0,,,,,,,,,,,,,0022200604
32,PT09M05.00S,2023-01-09T02:13:37.4Z,1,REGULAR,2pt,Jump Shot,['pointsinthepaint'],1627749,15.11169513797634,47.21966911764706,1610612737,9,4,2023-01-09T02:14:12Z,320000,False,14.0,90.0,1,left,MISS D. Murray 9' driving floating Shot,[1627749],1610612737.0,ATL,driving floating,,,Murray,D. Murray,,,,,In The Paint (Non-RA),8-16 Center,9.06,Missed,,,,,,,,,,,,,,,,,,,0022200604
33,PT09M03.00S,2023-01-09T02:13:39.4Z,1,REGULAR,rebound,defensive,[],202694,,,1610612746,9,4,2023-01-09T02:13:45Z,330000,False,,,0,,M. Morris Sr. REBOUND (Off:0 Def:1),[202694],1610612746.0,LAC,,,,Morris Sr.,M. Morris Sr.,,,,,In The Paint (Non-RA),8-16 Center,,,,,32.0,1.0,1.0,0.0,,,,,,,,,,,,,0022200604
34,PT08M57.00S,2023-01-09T02:13:45.5Z,1,REGULAR,2pt,Layup,"['fastbreak', 'pointsinthepaint']",202695,92.42772667542707,52.205882352941174,1610612746,9,4,2023-01-09T02:13:53Z,340000,False,11.0,19.0,1,right,MISS K. Leonard running finger roll Layup,[202695],1610612746.0,LAC,running finger roll,,,Leonard,K. Leonard,,,,,Restricted Area,0-8 Center,2.17,Missed,,,,,,,,,,,,,,,,,,,0022200604
35,PT08M54.00S,2023-01-09T02:13:48.5Z,1,REGULAR,rebound,defensive,[],1629027,,,1610612737,9,4,2023-01-09T02:13:53Z,350000,False,,,0,,T. Young REBOUND (Off:0 Def:1),[1629027],1610612737.0,ATL,,,,Young,T. Young,,,,,Restricted Area,0-8 Center,,,,,34.0,1.0,1.0,0.0,,,,,,,,,,,,,0022200604
36,PT08M49.00S,2023-01-09T02:13:53.0Z,1,REGULAR,2pt,Layup,"['fastbreak', 'pointsinthepaint']",1628381,6.619579500657039,47.05882352941176,1610612737,9,6,2023-01-09T02:15:05Z,360000,False,15.0,10.0,1,left,J. Collins running Layup (2 PTS) (D. Murray 2 AST),"[1628381, 1627749]",1610612737.0,ATL,running,,,Collins,J. Collins,,,,,Restricted Area,0-8 Center,1.76,Made,,,,,,,2.0,D. Murray,1627749.0,2.0,,,,,,,,,0022200604
38,PT08M25.00S,2023-01-09T02:14:16.7Z,1,REGULAR,2pt,Jump Shot,[],202695,74.4250985545335,66.91176470588235,1610612746,11,6,2023-01-09T02:14:24Z,380000,False,85.0,188.0,1,right,K. Leonard 20' Jump Shot (2 PTS) (N. Batum 1 AST),"[202695, 201587]",1610612746.0,LAC,,,,Leonard,K. Leonard,,,,,Mid-Range,16-24 Right Center,20.61,Made,,,,,,,2.0,N. Batum,201587.0,1.0,,,,,,,,,0022200604
40,PT08M14.00S,2023-01-09T02:14:28.0Z,1,REGULAR,3pt,Jump Shot,[],1629027,34.346254927726676,26.225490196078425,1610612737,11,6,2023-01-09T02:14:34Z,400000,False,119.0,270.0,1,left,MISS T. Young 29' pullup 3PT,[1629027],1610612737.0,ATL,pullup,,,Young,T. Young,,,,,Above the Break 3,24+ Right Center,29.54,Missed,,,,,,,,,,,,,,,,,,,0022200604
41,PT08M14.00S,2023-01-09T02:14:28.0Z,1,REGULAR,rebound,defensive,[],1627826,,,1610612746,11,6,2023-01-09T02:14:34Z,410000,False,,,0,,I. Zubac REBOUND (Off:1 Def:1),[1627826],1610612746.0,LAC,,,,Zubac,I. Zubac,,,,,Above the Break 3,24+ Right Center,,,,,40.0,2.0,1.0,1.0,,,,,,,,,,,,,0022200604
42,PT08M05.00S,2023-01-09T02:14:37.0Z,1,REGULAR,3pt,Jump Shot,[],1629611,88.48554533508542,96.32352941176471,1610612746,11,6,2023-01-09T02:14:41Z,420000,False,232.0,56.0,1,right,MISS T. Mann 3PT,[1629611],1610612746.0,LAC,,,,Mann,T. Mann,,,,,Right Corner 3,24+ Right,23.82,Missed,,,,,,,,,,,,,,,,,,,0022200604
43,PT08M01.00S,2023-01-09T02:14:41.0Z,1,REGULAR,rebound,defensive,[],1629631,,,1610612737,11,6,2023-01-09T02:14:41Z,430000,False,,,0,,D. Hunter REBOUND (Off:0 Def:1),[1629631],1610612737.0,ATL,,,,Hunter,D. Hunter,,,,,Right Corner 3,24+ Right,,,,,42.0,1.0,1.0,0.0,,,,,,,,,,,,,0022200604
44,PT07M55.00S,2023-01-09T02:14:47.3Z,1,REGULAR,2pt,Jump Shot,[],1627749,6.356767411300922,76.7156862745098,1610612737,11,8,2023-01-09T02:14:54Z,440000,False,-134.0,7.0,1,left,D. Murray 13' pullup Jump Shot (4 PTS),[1627749],1610612737.0,ATL,pullup,,,Murray,D. Murray,,,,,Mid-Range,8-16 Left,13.38,Made,,,,,,,4.0,,,,,,,,,,,,0022200604
45,PT07M40.00S,2023-01-09T02:15:01.7Z,1,REGULAR,2pt,Jump Shot,[],202695,75.16425755584757,30.859375,1610612746,11,8,2023-01-09T02:15:06Z,450000,False,-96.0,181.0,1,right,MISS K. Leonard 20' pullup Shot,[202695],1610612746.0,LAC,pullup,,,Leonard,K. Leonard,,,,,Mid-Range,16-24 Left Center,20.47,Missed,,,,,,,,,,,,,,,,,,,0022200604
46,PT07M37.00S,2023-01-09T02:15:04.7Z,1,REGULAR,rebound,defensive,[],1628381,,,1610612737,11,8,2023-01-09T02:15:06Z,460000,False,,,0,,J. Collins REBOUND (Off:0 Def:1),[1628381],1610612737.0,ATL,,,,Collins,J. Collins,,,,,Mid-Range,16-24 Left Center,,,,,45.0,1.0,1.0,0.0,,,,,,,,,,,,,0022200604
47,PT07M26.00S,2023-01-09T02:15:16.2Z,1,REGULAR,3pt,Jump Shot,[],1628381,32.11235216819975,41.42156862745098,1610612737,11,8,2023-01-09T02:15:21Z,470000,False,43.0,249.0,1,left,MISS J. Collins 25' 3PT,[1628381],1610612737.0,ATL,,,,Collins,J. Collins,,,,,Above the Break 3,24+ Center,25.31,Missed,,,,,,,,,,,,,,,,,,,0022200604
48,PT07M23.00S,2023-01-09T02:15:19.2Z,1,REGULAR,rebound,defensive,[],202695,,,1610612746,11,8,2023-01-09T02:15:21Z,480000,False,,,0,,K. Leonard REBOUND (Off:0 Def:1),[202695],1610612746.0,LAC,,,,Leonard,K. Leonard,,,,,Above the Break 3,24+ Center,,,,,47.0,1.0,1.0,0.0,,,,,,,,,,,,,0022200604
49,PT07M14.00S,2023-01-09T02:15:28.2Z,1,REGULAR,3pt,Jump Shot,[],202694,70.48291721419186,28.92156862745098,1610612746,11,8,2023-01-09T02:15:33Z,490000,False,-105.0,225.0,1,right,MISS M. Morris Sr. 24' 3PT,[202694],1610612746.0,LAC,,,,Morris Sr.,M. Morris Sr.,,,,,Above the Break 3,24+ Left Center,24.85,Missed,,,,,,,,,,,,,,,,,,,0022200604
50,PT07M11.00S,2023-01-09T02:15:31.3Z,1,REGULAR,rebound,offensive,[],1627826,,,1610612746,11,8,2023-01-09T02:15:31Z,500000,False,,,0,,I. Zubac REBOUND (Off:2 Def:1),[1627826],1610612746.0,LAC,,,,Zubac,I. Zubac,,,,,Above the Break 3,24+ Left Center,,,,,49.0,3.0,1.0,2.0,,,,,,,,,,,,,0022200604
51,PT07M10.00S,2023-01-09T02:15:31.8Z,1,REGULAR,2pt,Layup,"['pointsinthepaint', '2ndchance']",1627826,93.42969776609723,53.2015931372549,1610612746,13,8,2023-01-09T02:15:41Z,510000,False,16.0,9.0,1,right,I. Zubac putback Layup (2 PTS),[1627826],1610612746.0,LAC,putback,,,Zubac,I. Zubac,,,,,Restricted Area,0-8 Center,1.85,Made,,,,,,,2.0,,,,,,,,,,,,0022200604
52,PT06M54.00S,2023-01-09T02:15:48.0Z,1,REGULAR,2pt,Jump Shot,['pointsinthepaint'],1629631,16.4257555847569,59.52435661764706,1610612737,13,8,2023-01-09T02:17:17Z,520000,False,-48.0,102.0,1,left,MISS D. Hunter 11' pullup Shot,[1629631],1610612737.0,ATL,pullup,,,Hunter,D. Hunter,,,,,In The Paint (Non-RA),8-16 Center,11.25,Missed,,,,,,,,,,,,,,,,,,,0022200604
53,PT06M51.00S,2023-01-09T02:15:51.0Z,1,REGULAR,rebound,defensive,[],201587,,,1610612746,13,8,2023-01-09T02:15:53Z,530000,False,,,0,,N. Batum REBOUND (Off:0 Def:2),[201587],1610612746.0,LAC,,,,Batum,N. Batum,,,,,In The Paint (Non-RA),8-16 Center,,,,,52.0,2.0,2.0,0.0,,,,,,,,,,,,,0022200604
54,PT06M44.00S,2023-01-09T02:15:57.6Z,1,REGULAR,3pt,Jump Shot,['fastbreak'],202694,67.8691688567674,43.604473039215684,1610612746,13,8,2023-01-09T02:17:38Z,540000,False,-32.0,250.0,1,right,MISS M. Morris Sr. 25' running 3PT,[202694],1610612746.0,LAC,running,,,Morris Sr.,M. Morris Sr.,,,,,Above the Break 3,24+ Center,25.15,Missed,,,,,,,,,,,,,,,,,,,0022200604
55,PT06M44.00S,2023-01-09T02:15:57.6Z,1,REGULAR,rebound,offensive,[],1627826,,,1610612746,13,8,2023-01-09T02:16:11Z,550000,False,,,0,,I. Zubac REBOUND (Off:3 Def:1),[1627826],1610612746.0,LAC,,,,Zubac,I. Zubac,,,,,Above the Break 3,24+ Center,,,,,54.0,4.0,1.0,3.0,,,,,,,,,,,,,0022200604
56,PT06M44.00S,2023-01-09T02:16:00.5Z,1,REGULAR,foul,personal,['2freethrow'],1628381,,,1610612746,13,8,2023-01-09T02:16:29Z,560000,False,,,0,,J. Collins shooting personal FOUL (1 PF) (Zubac 2 FT),"[1628381, 1627826]",1610612737.0,ATL,shooting,,,Collins,J. Collins,,,,,Restricted Area,0-8 Center,,,,,,,,,,,,,,,,2882.0,1.0,0.0,Zubac,1627826.0,0022200604
58,PT06M44.00S,2023-01-09T02:16:14.5Z,1,REGULAR,timeout,full,"['team', 'mandatory']",0,,,1610612746,13,8,2023-01-09T02:16:14Z,580000,False,,,0,,LAC Timeout,[],1610612746.0,LAC,,,,,,,,,,,,,,,,,,,,,,,,,,,,,,,,0022200604
62,PT06M44.00S,2023-01-09T02:19:01.1Z,1,REGULAR,substitution,out,[],1629027,,,1610612746,13,8,2023-01-09T02:19:04Z,590000,False,,,0,,SUB out: T. Young,[1629027],1610612737.0,ATL,,,,Young,T. Young,,,,,,,,,,,,,,,,,,,,,,,,,,,0022200604
63,PT06M44.00S,2023-01-09T02:19:01.1Z,1,REGULAR,substitution,in,[],203992,,,1610612746,13,8,2023-01-09T02:19:04Z,600000,False,,,0,,SUB in: B. Bogdanovic,[203992],1610612737.0,ATL,,,,Bogdanovic,B. Bogdanovic,,,,,,,,,,,,,,,,,,,,,,,,,,,0022200604
64,PT06M44.00S,2023-01-09T02:19:22.6Z,1,REGULAR,freethrow,1 of 2,['2ndchance'],1627826,,,1610612746,14,8,2023-01-09T02:19:22Z,610000,False,,,0,,I. Zubac Free Throw 1 of 2 (3 PTS),[1627826],1610612746.0,LAC,,,,Zubac,I. Zubac,,,,,,,,Made,,,,,,,3.0,,,,,,,,,,,,0022200604
65,PT06M44.00S,2023-01-09T02:19:22.6Z,1,REGULAR,freethrow,2 of 2,['2ndchance'],1627826,,,1610612746,14,8,2023-01-09T02:19:41Z,620000,False,,,0,,MISS I. Zubac Free Throw 2 of 2,[1627826],1610612746.0,LAC,,,,Zubac,I. Zubac,,,,,,,,Missed,,,,,,,,,,,,,,,,,,,0022200604
66,PT06M41.00S,2023-01-09T02:19:25.6Z,1,REGULAR,rebound,defensive,[],1628381,,,1610612737,14,8,2023-01-09T02:19:41Z,630000,False,,,0,,J. Collins REBOUND (Off:0 Def:2),[1628381],1610612737.0,ATL,,,,Collins,J. Collins,,,,,,,,,,,65.0,2.0,2.0,0.0,,,,,,,,,,,,,0022200604
67,PT06M29.00S,2023-01-09T02:19:53.0Z,1,REGULAR,2pt,Hook,['pointsinthepaint'],1628381,12.927069645203687,50.49019607843137,1610612737,14,8,2023-01-09T02:19:58Z,640000,False,-2.0,69.0,1,left,MISS J. Collins 6' Hook,[1628381],1610612737.0,ATL,,,,Collins,J. Collins,,,,,In The Paint (Non-RA),0-8 Center,6.9,Missed,,,,,,,,,,,,,,,,,,,0022200604
68,PT06M27.00S,2023-01-09T02:19:55.0Z,1,REGULAR,rebound,defensive,[],1627826,,,1610612746,14,8,2023-01-09T02:19:58Z,650000,False,,,0,,I. Zubac REBOUND (Off:3 Def:2),[1627826],1610612746.0,LAC,,,,Zubac,I. Zubac,,,,,In The Paint (Non-RA),0-8 Center,,,,,67.0,5.0,2.0,3.0,,,,,,,,,,,,,0022200604
69,PT06M19.00S,2023-01-09T02:20:03.0Z,1,REGULAR,2pt,Hook,['pointsinthepaint'],1627826,92.0335085413929,62.00980392156863,1610612746,16,8,2023-01-09T02:20:06Z,660000,False,60.0,22.0,1,right,I. Zubac 6' Hook (5 PTS) (T. Mann 2 AST),"[1627826, 1629611]",1610612746.0,LAC,,,,Zubac,I. Zubac,,,,,In The Paint (Non-RA),0-8 Center,6.4,Made,,,,,,,5.0,T. Mann,1629611.0,2.0,,,,,,,,,0022200604
71,PT06M01.00S,2023-01-09T02:20:20.9Z,1,REGULAR,3pt,Jump Shot,[],1628381,13.452693823915894,96.56862745098039,1610612737,16,11,2023-01-09T02:20:28Z,680000,False,-233.0,74.0,1,left,J. Collins 24' 3PT  (5 PTS) (D. Hunter 2 AST),"[1628381, 1629631]",1610612737.0,ATL,,,,Collins,J. Collins,,,,,Left Corner 3,24+ Left,24.43,Made,,,,,,,5.0,D. Hunter,1629631.0,2.0,,,,,,,,,0022200604
73,PT05M51.00S,2023-01-09T02:20:33.5Z,1,REGULAR,foul,personal,['2freethrow'],1630168,,,1610612746,16,11,2023-01-09T02:20:38Z,700000,False,,,0,,O. Okongwu shooting personal FOUL (1 PF) (Mann 2 FT),"[1630168, 1629611]",1610612737.0,ATL,shooting,,,Okongwu,O. Okongwu,,,,,Restricted Area,0-8 Center,,,,,,,,,,,,,,,,203591.0,1.0,0.0,Mann,1629611.0,0022200604
75,PT05M51.00S,2023-01-09T02:20:59.4Z,1,REGULAR,freethrow,1 of 2,[],1629611,,,1610612746,17,11,2023-01-09T02:20:59Z,720000,False,,,0,,T. Mann Free Throw 1 of 2 (6 PTS),[1629611],1610612746.0,LAC,,,,Mann,T. Mann,,,,,,,,Made,,,,,,,6.0,,,,,,,,,,,,0022200604
76,PT05M51.00S,2023-01-09T02:21:00.7Z,1,REGULAR,substitution,out,[],201587,,,1610612746,17,11,2023-01-09T02:21:05Z,730000,False,,,0,,SUB out: N. Batum,[201587],1610612746.0,LAC,,,,Batum,N. Batum,,,,,,,,,,,,,,,,,,,,,,,,,,,0022200604
77,PT05M51.00S,2023-01-09T02:21:00.7Z,1,REGULAR,substitution,in,[],1626181,,,1610612746,17,11,2023-01-09T02:21:05Z,740000,False,,,0,,SUB in: N. Powell,[1626181],1610612746.0,LAC,,,,Powell,N. Powell,,,,,,,,,,,,,,,,,,,,,,,,,,,0022200604
78,PT05M51.00S,2023-01-09T02:21:15.4Z,1,REGULAR,freethrow,2 of 2,[],1629611,,,1610612746,18,11,2023-01-09T02:21:15Z,750000,False,,,0,,T. Mann Free Throw 2 of 2 (7 PTS),[1629611],1610612746.0,LAC,,,,Mann,T. Mann,,,,,,,,Made,,,,,,,7.0,,,,,,,,,,,,0022200604
79,PT05M39.00S,2023-01-09T02:21:28.0Z,1,REGULAR,2pt,Layup,['pointsinthepaint'],1627749,6.619579500657039,47.05882352941176,1610612737,18,13,2023-01-09T02:21:31Z,760000,False,15.0,10.0,1,left,D. Murray driving Layup (6 PTS),[1627749],1610612737.0,ATL,driving,,,Murray,D. Murray,,,,,Restricted Area,0-8 Center,1.76,Made,,,,,,,6.0,,,,,,,,,,,,0022200604
80,PT05M13.00S,2023-01-09T02:21:54.1Z,1,REGULAR,2pt,Hook,['pointsinthepaint'],1627826,90.19382391590013,56.372549019607845,1610612746,20,13,2023-01-09T02:22:03Z,770000,False,32.0,40.0,1,right,I. Zubac turnaround Hook (7 PTS) (N. Powell 1 AST),"[1627826, 1626181]",1610612746.0,LAC,turnaround,,,Zubac,I. Zubac,,,,,In The Paint (Non-RA),0-8 Center,5.09,Made,,,,,,,7.0,N. Powell,1626181.0,1.0,,,,,,,,,0022200604
82,PT05M00.00S,2023-01-09T02:22:07.1Z,1,REGULAR,2pt,Layup,['pointsinthepaint'],1629631,6.750985545335084,45.833333333333336,1610612737,20,15,2023-01-09T02:22:13Z,790000,False,21.0,11.0,1,left,D. Hunter driving reverse Layup (2 PTS),[1629631],1610612737.0,ATL,driving reverse,,,Hunter,D. Hunter,,,,,Restricted Area,0-8 Center,2.35,Made,,,,,,,2.0,,,,,,,,,,,,0022200604
83,PT04M48.00S,2023-01-09T02:22:18.9Z,1,REGULAR,3pt,Jump Shot,[],202694,68.11760840998686,36.76470588235294,1610612746,20,15,2023-01-09T02:22:23Z,800000,False,-66.0,247.0,1,right,MISS M. Morris Sr. 25' 3PT,[202694],1610612746.0,LAC,,,,Morris Sr.,M. Morris Sr.,,,,,Above the Break 3,24+ Center,25.59,Missed,,,,,,,,,,,,,,,,,,,0022200604
84,PT04M46.00S,2023-01-09T02:22:20.9Z,1,REGULAR,rebound,defensive,[],203992,,,1610612737,20,15,2023-01-09T02:22:23Z,810000,False,,,0,,B. Bogdanovic REBOUND (Off:0 Def:1),[203992],1610612737.0,ATL,,,,Bogdanovic,B. Bogdanovic,,,,,Above the Break 3,24+ Center,,,,,83.0,1.0,1.0,0.0,,,,,,,,,,,,,0022200604
85,PT04M36.00S,2023-01-09T02:22:31.8Z,1,REGULAR,2pt,Jump Shot,['pointsinthepaint'],203992,15.686596583442835,47.549019607843135,1610612737,20,17,2023-01-09T02:22:42Z,820000,False,12.0,95.0,1,left,B. Bogdanovic 9' turnaround Jump Shot (2 PTS),[203992],1610612737.0,ATL,turnaround,,,Bogdanovic,B. Bogdanovic,,,,,In The Paint (Non-RA),8-16 Center,9.58,Made,,,,,,,2.0,,,,,,,,,,,,0022200604
86,PT04M11.00S,2023-01-09T02:22:55.7Z,1,REGULAR,2pt,Jump Shot,[],202695,80.07555847568989,67.64705882352942,1610612746,22,17,2023-01-09T02:23:00Z,830000,False,88.0,135.0,1,right,K. Leonard 16' step back Jump Shot (4 PTS),[202695],1610612746.0,LAC,step back,,,Leonard,K. Leonard,,,,,Mid-Range,16-24 Right Center,16.11,Made,,,,,,,4.0,,,,,,,,,,,,0022200604
87,PT04M01.00S,2023-01-09T02:23:10.0Z,1,REGULAR,violation,kicked ball,[],202694,,,1610612737,22,17,2023-01-09T02:23:17Z,840000,False,,,0,,M. Morris Sr. kicked ball VIOLATION,[202694],1610612746.0,LAC,,,,Morris Sr.,M. Morris Sr.,,,,,,,,,,,,,,,,,,,,,,2882.0,,,,,0022200604
88,PT04M01.00S,2023-01-09T02:23:15.0Z,1,REGULAR,substitution,out,[],1629611,,,1610612737,22,17,2023-01-09T02:23:27Z,850000,False,,,0,,SUB out: T. Mann,[1629611],1610612746.0,LAC,,,,Mann,T. Mann,,,,,,,,,,,,,,,,,,,,,,,,,,,0022200604
89,PT04M01.00S,2023-01-09T02:23:15.0Z,1,REGULAR,substitution,out,[],1627749,,,1610612737,22,17,2023-01-09T02:23:27Z,860000,False,,,0,,SUB out: D. Murray,[1627749],1610612737.0,ATL,,,,Murray,D. Murray,,,,,,,,,,,,,,,,,,,,,,,,,,,0022200604
90,PT04M01.00S,2023-01-09T02:23:15.0Z,1,REGULAR,substitution,out,[],1628381,,,1610612737,22,17,2023-01-09T02:23:27Z,870000,False,,,0,,SUB out: J. Collins,[1628381],1610612737.0,ATL,,,,Collins,J. Collins,,,,,,,,,,,,,,,,,,,,,,,,,,,0022200604
91,PT04M01.00S,2023-01-09T02:23:15.0Z,1,REGULAR,substitution,in,[],202322,,,1610612737,22,17,2023-01-09T02:23:27Z,880000,False,,,0,,SUB in: J. Wall,[202322],1610612746.0,LAC,,,,Wall,J. Wall,,,,,,,,,,,,,,,,,,,,,,,,,,,0022200604
92,PT04M01.00S,2023-01-09T02:23:15.0Z,1,REGULAR,substitution,in,[],1629027,,,1610612737,22,17,2023-01-09T02:23:27Z,890000,False,,,0,,SUB in: T. Young,[1629027],1610612737.0,ATL,,,,Young,T. Young,,,,,,,,,,,,,,,,,,,,,,,,,,,0022200604
93,PT04M01.00S,2023-01-09T02:23:15.0Z,1,REGULAR,substitution,in,[],1628988,,,1610612737,22,17,2023-01-09T02:23:27Z,900000,False,,,0,,SUB in: A. Holiday,[1628988],1610612737.0,ATL,,,,Holiday,A. Holiday,,,,,,,,,,,,,,,,,,,,,,,,,,,0022200604
94,PT03M52.00S,2023-01-09T02:23:47.4Z,1,REGULAR,2pt,Jump Shot,['pointsinthepaint'],1629631,14.191852825229958,64.38419117647058,1610612737,22,19,2023-01-09T02:23:55Z,910000,False,-72.0,81.0,1,left,D. Hunter 10' pullup Jump Shot (4 PTS),[1629631],1610612737.0,ATL,pullup,,,Hunter,D. Hunter,,,,,In The Paint (Non-RA),8-16 Left,10.82,Made,,,,,,,4.0,,,,,,,,,,,,0022200604
95,PT03M39.00S,2023-01-09T02:24:00.2Z,1,REGULAR,2pt,Layup,['pointsinthepaint'],202695,94.13600525624179,46.32352941176471,1610612746,22,19,2023-01-09T02:24:03Z,920000,False,-18.0,3.0,1,right,MISS K. Leonard Layup,[202695],1610612746.0,LAC,,,,Leonard,K. Leonard,,,,,Restricted Area,0-8 Center,1.86,Missed,,,,,,,,,,,,,,,,,,,0022200604
96,PT03M37.00S,2023-01-09T02:24:02.2Z,1,REGULAR,rebound,defensive,[],1630168,,,1610612737,22,19,2023-01-09T02:24:03Z,930000,False,,,0,,O. Okongwu REBOUND (Off:0 Def:2),[1630168],1610612737.0,ATL,,,,Okongwu,O. Okongwu,,,,,Restricted Area,0-8 Center,,,,,95.0,2.0,2.0,0.0,,,,,,,,,,,,,0022200604
97,PT03M32.00S,2023-01-09T02:24:07.0Z,1,REGULAR,2pt,Layup,"['fastbreak', 'pointsinthepaint']",1629631,9.116294349540084,47.05882352941176,1610612737,22,19,2023-01-09T02:24:17Z,940000,False,15.0,33.0,1,left,MISS D. Hunter running Layup - blocked,"[1629631, 202322]",1610612737.0,ATL,running,,,Hunter,D. Hunter,,,,,Restricted Area,0-8 Center,3.63,Missed,Wall,202322.0,,,,,,,,,,,,,,,,,0022200604
98,PT03M32.00S,2023-01-09T02:24:07.0Z,1,REGULAR,block,,[],202322,,,1610612737,22,19,2023-01-09T02:24:09Z,950000,False,,,0,,J. Wall BLOCK (1 BLK),[202322],1610612746.0,LAC,,,,Wall,J. Wall,,,,,Restricted Area,0-8 Center,,,,,,,,,,,,,,,,,,,,,0022200604
99,PT03M32.00S,2023-01-09T02:24:07.0Z,1,REGULAR,rebound,offensive,[],1629631,,,1610612737,22,19,2023-01-09T02:24:17Z,960000,False,,,0,,D. Hunter REBOUND (Off:1 Def:1),[1629631],1610612737.0,ATL,,,,Hunter,D. Hunter,,,,,Restricted Area,0-8 Center,,,,,97.0,2.0,1.0,1.0,,,,,,,,,,,,,0022200604
100,PT03M32.00S,2023-01-09T02:24:11.8Z,1,REGULAR,violation,kicked ball,[],202694,,,1610612737,22,19,2023-01-09T02:24:21Z,970000,False,,,0,,M. Morris Sr. kicked ball VIOLATION,[202694],1610612746.0,LAC,,,,Morris Sr.,M. Morris Sr.,,,,,,,,,,,,,,,,,,,,,,203591.0,,,,,0022200604
101,PT03M32.00S,2023-01-09T02:24:13.8Z,1,REGULAR,substitution,out,[],202694,,,1610612737,22,19,2023-01-09T02:24:19Z,980000,False,,,0,,SUB out: M. Morris Sr.,[202694],1610612746.0,LAC,,,,Morris Sr.,M. Morris Sr.,,,,,,,,,,,,,,,,,,,,,,,,,,,0022200604
102,PT03M32.00S,2023-01-09T02:24:13.8Z,1,REGULAR,substitution,in,[],202704,,,1610612737,22,19,2023-01-09T02:24:19Z,990000,False,,,0,,SUB in: R. Jackson,[202704],1610612746.0,LAC,,,,Jackson,R. Jackson,,,,,,,,,,,,,,,,,,,,,,,,,,,0022200604
103,PT03M32.00S,2023-01-09T02:24:31.0Z,1,REGULAR,substitution,out,[],1627826,,,1610612737,22,19,2023-01-09T02:24:35Z,1000000,False,,,0,,SUB out: I. Zubac,[1627826],1610612746.0,LAC,,,,Zubac,I. Zubac,,,,,,,,,,,,,,,,,,,,,,,,,,,0022200604
104,PT03M32.00S,2023-01-09T02:24:31.0Z,1,REGULAR,substitution,in,[],1629650,,,1610612737,22,19,2023-01-09T02:24:35Z,1010000,False,,,0,,SUB in: M. Brown,[1629650],1610612746.0,LAC,,,,Brown,M. Brown,,,,,,,,,,,,,,,,,,,,,,,,,,,0022200604
105,PT03M27.00S,2023-01-09T02:24:47.0Z,1,REGULAR,2pt,Jump Shot,"['pointsinthepaint', '2ndchance']",1629027,10.643889618922472,64.81694240196079,1610612737,22,19,2023-01-09T02:24:52Z,1020000,False,-74.0,48.0,1,left,MISS T. Young 8' driving floating Shot - blocked,"[1629027, 1629650]",1610612737.0,ATL,driving floating,,,Young,T. Young,,,,,In The Paint (Non-RA),8-16 Left,8.81,Missed,Brown,1629650.0,,,,,,,,,,,,,,,,,0022200604
106,PT03M27.00S,2023-01-09T02:24:47.0Z,1,REGULAR,block,,[],1629650,,,1610612737,22,19,2023-01-09T02:24:49Z,1030000,False,,,0,,M. Brown BLOCK (1 BLK),[1629650],1610612746.0,LAC,,,,Brown,M. Brown,,,,,In The Paint (Non-RA),8-16 Left,,,,,,,,,,,,,,,,,,,,,0022200604
107,PT03M23.00S,2023-01-09T02:24:51.0Z,1,REGULAR,rebound,defensive,[],1629650,,,1610612746,22,19,2023-01-09T02:24:52Z,1040000,False,,,0,,M. Brown REBOUND (Off:0 Def:1),[1629650],1610612746.0,LAC,,,,Brown,M. Brown,,,,,In The Paint (Non-RA),8-16 Left,,,,,105.0,1.0,1.0,0.0,,,,,,,,,,,,,0022200604
108,PT03M21.00S,2023-01-09T02:24:52.9Z,1,REGULAR,2pt,DUNK,"['pointsinthepaint', 'fastbreak']",202695,92.55913272010513,48.529411764705884,1610612746,24,19,2023-01-09T02:25:01Z,1050000,False,-7.0,17.0,1,right,K. Leonard running DUNK (6 PTS) (N. Powell 2 AST),"[202695, 1626181]",1610612746.0,LAC,running,,,Leonard,K. Leonard,,,,,Restricted Area,0-8 Center,1.89,Made,,,,,,,6.0,N. Powell,1626181.0,2.0,,,,,,,,,0022200604
110,PT03M16.00S,2023-01-09T02:25:03.0Z,1,REGULAR,timeout,full,"['team', 'mandatory']",0,,,1610612737,24,19,2023-01-09T02:25:03Z,1070000,False,,,0,,ATL Timeout,[],1610612737.0,ATL,,,,,,,,,,,,,,,,,,,,,,,,,,,,,,,,0022200604
111,PT03M16.00S,2023-01-09T02:27:32.4Z,1,REGULAR,substitution,out,[],1629631,,,1610612737,24,19,2023-01-09T02:27:45Z,1080000,False,,,0,,SUB out: D. Hunter,[1629631],1610612737.0,ATL,,,,Hunter,D. Hunter,,,,,,,,,,,,,,,,,,,,,,,,,,,0022200604
112,PT03M16.00S,2023-01-09T02:27:32.4Z,1,REGULAR,substitution,out,[],1630168,,,1610612737,24,19,2023-01-09T02:27:45Z,1090000,False,,,0,,SUB out: O. Okongwu,[1630168],1610612737.0,ATL,,,,Okongwu,O. Okongwu,,,,,,,,,,,,,,,,,,,,,,,,,,,0022200604
113,PT03M16.00S,2023-01-09T02:27:32.4Z,1,REGULAR,substitution,in,[],1630552,,,1610612737,24,19,2023-01-09T02:27:45Z,1100000,False,,,0,,SUB in: J. Johnson,[1630552],1610612737.0,ATL,,,,Johnson,J. Johnson,,,,,,,,,,,,,,,,,,,,,,,,,,,0022200604
114,PT03M16.00S,2023-01-09T02:27:32.4Z,1,REGULAR,substitution,in,[],1628381,,,1610612737,24,19,2023-01-09T02:27:45Z,1110000,False,,,0,,SUB in: J. Collins,[1628381],1610612737.0,ATL,,,,Collins,J. Collins,,,,,,,,,,,,,,,,,,,,,,,,,,,0022200604
115,PT03M02.00S,2023-01-09T02:28:05.8Z,1,REGULAR,2pt,Jump Shot,[],203992,9.773324572930349,71.07843137254902,1610612737,24,19,2023-01-09T02:28:10Z,1120000,False,-105.0,39.0,1,left,MISS B. Bogdanovic 11' fadeaway Shot,[203992],1610612737.0,ATL,fadeaway,,,Bogdanovic,B. Bogdanovic,,,,,Mid-Range,8-16 Left,11.25,Missed,,,,,,,,,,,,,,,,,,,0022200604
116,PT02M58.00S,2023-01-09T02:28:09.8Z,1,REGULAR,rebound,defensive,[],1629650,,,1610612746,24,19,2023-01-09T02:28:10Z,1130000,False,,,0,,M. Brown REBOUND (Off:0 Def:2),[1629650],1610612746.0,LAC,,,,Brown,M. Brown,,,,,Mid-Range,8-16 Left,,,,,115.0,2.0,2.0,0.0,,,,,,,,,,,,,0022200604
117,PT02M52.00S,2023-01-09T02:28:14.8Z,1,REGULAR,2pt,Layup,['pointsinthepaint'],1626181,92.29632063074901,54.16666666666667,1610612746,24,19,2023-01-09T02:28:18Z,1140000,False,21.0,20.0,1,right,MISS N. Powell driving Layup - blocked,"[1626181, 1628381]",1610612746.0,LAC,driving,,,Powell,N. Powell,,,,,Restricted Area,0-8 Center,2.88,Missed,Collins,1628381.0,,,,,,,,,,,,,,,,,0022200604
118,PT02M52.00S,2023-01-09T02:28:14.8Z,1,REGULAR,block,,[],1628381,,,1610612746,24,19,2023-01-09T02:28:16Z,1150000,False,,,0,,J. Collins BLOCK (1 BLK),[1628381],1610612737.0,ATL,,,,Collins,J. Collins,,,,,Restricted Area,0-8 Center,,,,,,,,,,,,,,,,,,,,,0022200604
119,PT02M50.00S,2023-01-09T02:28:16.8Z,1,REGULAR,rebound,defensive,[],1630552,,,1610612737,24,19,2023-01-09T02:28:18Z,1160000,False,,,0,,J. Johnson REBOUND (Off:0 Def:1),[1630552],1610612737.0,ATL,,,,Johnson,J. Johnson,,,,,Restricted Area,0-8 Center,,,,,117.0,1.0,1.0,0.0,,,,,,,,,,,,,0022200604
120,PT02M44.00S,2023-01-09T02:28:23.0Z,1,REGULAR,2pt,Layup,['pointsinthepaint'],1630552,6.225361366622863,46.32352941176471,1610612737,24,21,2023-01-09T02:28:31Z,1170000,False,18.0,6.0,1,left,J. Johnson Layup (2 PTS) (B. Bogdanovic 1 AST),"[1630552, 203992]",1610612737.0,ATL,,,,Johnson,J. Johnson,,,,,Restricted Area,0-8 Center,1.94,Made,,,,,,,2.0,B. Bogdanovic,203992.0,1.0,,,,,,,,,0022200604
123,PT02M18.00S,2023-01-09T02:28:57.0Z,1,REGULAR,3pt,Jump Shot,[],202695,70.22010512483574,72.30392156862744,1610612746,24,21,2023-01-09T02:32:51Z,1200000,False,112.0,227.0,1,right,MISS K. Leonard 25' step back 3PT,[202695],1610612746.0,LAC,step back,,,Leonard,K. Leonard,,,,,Above the Break 3,24+ Right Center,25.33,Missed,,,,,,,,,,,,,,,,,,,0022200604
124,PT02M15.00S,2023-01-09T02:29:00.0Z,1,REGULAR,rebound,offensive,[],1629650,,,1610612746,24,21,2023-01-09T02:29:01Z,1210000,False,,,0,,M. Brown REBOUND (Off:1 Def:2),[1629650],1610612746.0,LAC,,,,Brown,M. Brown,,,,,Above the Break 3,24+ Right Center,,,,,123.0,3.0,2.0,1.0,,,,,,,,,,,,,0022200604
125,PT02M15.00S,2023-01-09T02:29:00.7Z,1,REGULAR,2pt,Layup,"['pointsinthepaint', '2ndchance']",1629650,93.47897503285151,50.0,1610612746,24,21,2023-01-09T02:29:05Z,1220000,False,0.0,9.0,1,right,MISS M. Brown putback Layup - blocked,"[1629650, 1630552]",1610612746.0,LAC,putback,,,Brown,M. Brown,,,,,Restricted Area,0-8 Center,0.88,Missed,Johnson,1630552.0,,,,,,,,,,,,,,,,,0022200604
126,PT02M15.00S,2023-01-09T02:29:00.7Z,1,REGULAR,block,,[],1630552,,,1610612746,24,21,2023-01-09T02:29:02Z,1230000,False,,,0,,J. Johnson BLOCK (1 BLK),[1630552],1610612737.0,ATL,,,,Johnson,J. Johnson,,,,,Restricted Area,0-8 Center,,,,,,,,,,,,,,,,,,,,,0022200604
127,PT02M15.00S,2023-01-09T02:29:00.7Z,1,REGULAR,rebound,defensive,[],203992,,,1610612737,24,21,2023-01-09T02:29:05Z,1240000,False,,,0,,B. Bogdanovic REBOUND (Off:0 Def:2),[203992],1610612737.0,ATL,,,,Bogdanovic,B. Bogdanovic,,,,,Restricted Area,0-8 Center,,,,,125.0,2.0,2.0,0.0,,,,,,,,,,,,,0022200604
128,PT02M05.00S,2023-01-09T02:29:09.8Z,1,REGULAR,3pt,Jump Shot,[],203992,23.570959264126145,91.17647058823529,1610612737,24,21,2023-01-09T02:29:16Z,1250000,False,-206.0,169.0,1,left,MISS B. Bogdanovic 26' 3PT,[203992],1610612737.0,ATL,,,,Bogdanovic,B. Bogdanovic,,,,,Above the Break 3,24+ Left Center,26.64,Missed,,,,,,,,,,,,,,,,,,,0022200604
129,PT02M03.00S,2023-01-09T02:29:11.8Z,1,REGULAR,rebound,defensive,[],1626181,,,1610612746,24,21,2023-01-09T02:29:16Z,1260000,False,,,0,,N. Powell REBOUND (Off:0 Def:1),[1626181],1610612746.0,LAC,,,,Powell,N. Powell,,,,,Above the Break 3,24+ Left Center,,,,,128.0,1.0,1.0,0.0,,,,,,,,,,,,,0022200604
133,PT01M56.00S,2023-01-09T02:29:33.3Z,1,REGULAR,3pt,Jump Shot,[],202704,68.11760840998686,64.4607843137255,1610612746,24,21,2023-01-09T02:29:38Z,1300000,False,72.0,247.0,1,right,MISS R. Jackson 25' 3PT,[202704],1610612746.0,LAC,,,,Jackson,R. Jackson,,,,,Above the Break 3,24+ Center,25.76,Missed,,,,,,,,,,,,,,,,,,,0022200604
134,PT01M53.00S,2023-01-09T02:29:36.1Z,1,REGULAR,rebound,offensive,[],202695,,,1610612746,24,21,2023-01-09T02:29:36Z,1310000,False,,,0,,K. Leonard REBOUND (Off:1 Def:1),[202695],1610612746.0,LAC,,,,Leonard,K. Leonard,,,,,Above the Break 3,24+ Center,,,,,133.0,2.0,1.0,1.0,,,,,,,,,,,,,0022200604
135,PT01M46.00S,2023-01-09T02:29:43.5Z,1,REGULAR,2pt,Jump Shot,"['pointsinthepaint', '2ndchance']",202704,93.34756898817345,38.48039215686274,1610612746,24,21,2023-01-09T02:29:49Z,1320000,False,-58.0,10.0,1,right,MISS R. Jackson floating Shot,[202704],1610612746.0,LAC,floating,,,Jackson,R. Jackson,,,,,In The Paint (Non-RA),0-8 Center,5.85,Missed,,,,,,,,,,,,,,,,,,,0022200604
136,PT01M41.00S,2023-01-09T02:29:47.0Z,1,REGULAR,rebound,offensive,[],1626181,,,1610612746,24,21,2023-01-09T02:29:47Z,1330000,False,,,0,,N. Powell REBOUND (Off:1 Def:1),[1626181],1610612746.0,LAC,,,,Powell,N. Powell,,,,,In The Paint (Non-RA),0-8 Center,,,,,135.0,2.0,1.0,1.0,,,,,,,,,,,,,0022200604
137,PT01M41.00S,2023-01-09T02:29:49.4Z,1,REGULAR,foul,personal,['2freethrow'],1628381,,,1610612746,24,21,2023-01-09T02:29:55Z,1340000,False,,,0,,J. Collins shooting personal FOUL (2 PF) (Powell 2 FT),"[1628381, 1626181]",1610612737.0,ATL,shooting,,,Collins,J. Collins,,,,,In The Paint (Non-RA),0-8 Center,,,,,,,,,,,,,,,,1627529.0,2.0,0.0,Powell,1626181.0,0022200604
139,PT01M41.00S,2023-01-09T02:30:27.3Z,1,REGULAR,freethrow,1 of 2,['2ndchance'],1626181,,,1610612746,25,21,2023-01-09T02:30:27Z,1360000,False,,,0,,N. Powell Free Throw 1 of 2 (1 PTS),[1626181],1610612746.0,LAC,,,,Powell,N. Powell,,,,,,,,Made,,,,,,,1.0,,,,,,,,,,,,0022200604
140,PT01M41.00S,2023-01-09T02:30:43.1Z,1,REGULAR,substitution,out,[],1628381,,,1610612746,25,21,2023-01-09T02:30:44Z,1370000,False,,,0,,SUB out: J. Collins,[1628381],1610612737.0,ATL,,,,Collins,J. Collins,,,,,,,,,,,,,,,,,,,,,,,,,,,0022200604
141,PT01M41.00S,2023-01-09T02:30:43.1Z,1,REGULAR,substitution,in,[],1626163,,,1610612746,25,21,2023-01-09T02:30:44Z,1380000,False,,,0,,SUB in: F. Kaminsky,[1626163],1610612737.0,ATL,,,,Kaminsky,F. Kaminsky,,,,,,,,,,,,,,,,,,,,,,,,,,,0022200604
142,PT01M41.00S,2023-01-09T02:30:45.9Z,1,REGULAR,freethrow,2 of 2,['2ndchance'],1626181,,,1610612746,26,21,2023-01-09T02:30:45Z,1390000,False,,,0,,N. Powell Free Throw 2 of 2 (2 PTS),[1626181],1610612746.0,LAC,,,,Powell,N. Powell,,,,,,,,Made,,,,,,,2.0,,,,,,,,,,,,0022200604
143,PT01M31.00S,2023-01-09T02:31:00.0Z,1,REGULAR,3pt,Jump Shot,[],1628988,11.48160315374507,4.656862745098039,1610612737,26,21,2023-01-09T02:31:16Z,1400000,False,227.0,55.0,1,left,MISS A. Holiday 3PT,[1628988],1610612737.0,ATL,,,,Holiday,A. Holiday,,,,,Right Corner 3,24+ Right,23.34,Missed,,,,,,,,,,,,,,,,,,,0022200604
144,PT01M29.00S,2023-01-09T02:31:02.0Z,1,REGULAR,rebound,defensive,[],1629650,,,1610612746,26,21,2023-01-09T02:31:16Z,1410000,False,,,0,,M. Brown REBOUND (Off:1 Def:3),[1629650],1610612746.0,LAC,,,,Brown,M. Brown,,,,,Right Corner 3,24+ Right,,,,,143.0,4.0,3.0,1.0,,,,,,,,,,,,,0022200604
145,PT01M28.00S,2023-01-09T02:31:11.1Z,1,REGULAR,turnover,lost ball,[],1629650,,,1610612746,26,21,2023-01-09T02:31:24Z,1420000,False,,,0,,M. Brown lost ball TURNOVER (1 TO),"[1629650, 1630552]",1610612746.0,LAC,,,,Brown,M. Brown,,,,,In The Paint (Non-RA),0-8 Center,,,,,,,,,,,,,1.0,Johnson,1630552.0,,,,,,0022200604
146,PT01M28.00S,2023-01-09T02:31:11.1Z,1,REGULAR,steal,,[],1630552,,,1610612737,26,21,2023-01-09T02:31:12Z,1430000,False,,,0,,J. Johnson STEAL (1 STL),[1630552],1610612737.0,ATL,,,,Johnson,J. Johnson,,,,,In The Paint (Non-RA),0-8 Center,,,,,,,,,,,,,,,,,,,,,0022200604
147,PT01M22.00S,2023-01-09T02:31:13.3Z,1,REGULAR,2pt,Layup,"['pointsinthepaint', 'fromturnover']",1626163,7.802233902759525,47.549019607843135,1610612737,26,23,2023-01-09T02:31:32Z,1440000,False,12.0,21.0,1,left,F. Kaminsky Layup (2 PTS) (T. Young 1 AST),"[1626163, 1629027]",1610612737.0,ATL,,,,Kaminsky,F. Kaminsky,,,,,Restricted Area,0-8 Center,2.42,Made,,,,,,,2.0,T. Young,1629027.0,1.0,,,,,,,,,0022200604
149,PT01M06.00S,2023-01-09T02:31:24.0Z,1,REGULAR,turnover,bad pass,[],202322,,,1610612746,26,23,2023-01-09T02:38:22Z,1460000,False,,,0,,J. Wall bad pass TURNOVER (1 TO),"[202322, 203992]",1610612746.0,LAC,,,,Wall,J. Wall,,,,,Mid-Range,8-16 Right,,,,,,,,,,,,,1.0,Bogdanovic,203992.0,,,,,,0022200604
150,PT01M06.00S,2023-01-09T02:31:24.0Z,1,REGULAR,steal,,[],203992,,,1610612737,26,23,2023-01-09T02:31:26Z,1470000,False,,,0,,B. Bogdanovic STEAL (1 STL),[203992],1610612737.0,ATL,,,,Bogdanovic,B. Bogdanovic,,,,,Mid-Range,8-16 Right,,,,,,,,,,,,,,,,,,,,,0022200604
151,PT00M57.90S,2023-01-09T02:31:33.6Z,1,REGULAR,2pt,Layup,"['pointsinthepaint', 'fromturnover']",1629027,8.065045992115643,40.68627450980392,1610612737,26,23,2023-01-09T02:32:07Z,1480000,False,47.0,23.0,1,left,MISS T. Young driving finger roll Layup,[1629027],1610612737.0,ATL,driving finger roll,,,Young,T. Young,,,,,In The Paint (Non-RA),0-8 Center,5.21,Missed,,,,,,,,,,,,,,,,,,,0022200604
152,PT00M56.80S,2023-01-09T02:31:34.7Z,1,REGULAR,rebound,offensive,[],1626163,,,1610612737,26,23,2023-01-09T02:32:07Z,1490000,False,,,0,,F. Kaminsky REBOUND (Off:1 Def:0),[1626163],1610612737.0,ATL,,,,Kaminsky,F. Kaminsky,,,,,In The Paint (Non-RA),0-8 Center,,,,,151.0,1.0,0.0,1.0,,,,,,,,,,,,,0022200604
153,PT00M56.80S,2023-01-09T02:31:36.8Z,1,REGULAR,foul,personal,['2freethrow'],1626181,,,1610612737,26,23,2023-01-09T02:32:00Z,1500000,False,,,0,,N. Powell shooting personal FOUL (1 PF) (Kaminsky 2 FT),"[1626181, 1626163]",1610612746.0,LAC,shooting,,,Powell,N. Powell,,,,,Restricted Area,0-8 Center,,,,,,,,,,,,,,,,1627529.0,1.0,0.0,Kaminsky,1626163.0,0022200604
155,PT00M56.80S,2023-01-09T02:32:01.3Z,1,REGULAR,freethrow,1 of 2,"['fromturnover', '2ndchance']",1626163,,,1610612737,26,24,2023-01-09T02:32:19Z,1520000,False,,,0,,F. Kaminsky Free Throw 1 of 2 (3 PTS),[1626163],1610612737.0,ATL,,,,Kaminsky,F. Kaminsky,,,,,,,,Made,,,,,,,3.0,,,,,,,,,,,,0022200604
156,PT00M56.80S,2023-01-09T02:32:01.3Z,1,REGULAR,freethrow,2 of 2,"['fromturnover', '2ndchance']",1626163,,,1610612737,26,24,2023-01-09T02:32:19Z,1530000,False,,,0,,MISS F. Kaminsky Free Throw 2 of 2,[1626163],1610612737.0,ATL,,,,Kaminsky,F. Kaminsky,,,,,,,,Missed,,,,,,,,,,,,,,,,,,,0022200604
157,PT00M55.00S,2023-01-09T02:32:03.1Z,1,REGULAR,rebound,defensive,[],1629650,,,1610612746,26,24,2023-01-09T02:32:19Z,1540000,False,,,0,,M. Brown REBOUND (Off:1 Def:4),[1629650],1610612746.0,LAC,,,,Brown,M. Brown,,,,,,,,,,,156.0,5.0,4.0,1.0,,,,,,,,,,,,,0022200604
158,PT00M32.90S,2023-01-09T02:32:38.7Z,1,REGULAR,3pt,Jump Shot,[],202322,66.67214191852825,63.72549019607843,1610612746,26,24,2023-01-09T02:32:44Z,1550000,False,69.0,261.0,1,right,MISS J. Wall 26' 3PT,[202322],1610612746.0,LAC,,,,Wall,J. Wall,,,,,Above the Break 3,24+ Center,26.97,Missed,,,,,,,,,,,,,,,,,,,0022200604
159,PT00M28.90S,2023-01-09T02:32:42.7Z,1,REGULAR,rebound,defensive,[],1628988,,,1610612737,26,24,2023-01-09T02:32:44Z,1560000,False,,,0,,A. Holiday REBOUND (Off:0 Def:1),[1628988],1610612737.0,ATL,,,,Holiday,A. Holiday,,,,,Above the Break 3,24+ Center,,,,,158.0,1.0,1.0,0.0,,,,,,,,,,,,,0022200604
160,PT00M08.70S,2023-01-09T02:33:02.9Z,1,REGULAR,2pt,Layup,['pointsinthepaint'],1626163,9.04648488830486,54.75643382352941,1610612737,26,24,2023-01-09T02:33:09Z,1570000,False,-24.0,33.0,1,left,MISS F. Kaminsky cutting Layup,[1626163],1610612737.0,ATL,cutting,,,Kaminsky,F. Kaminsky,,,,,Restricted Area,0-8 Center,4.03,Missed,,,,,,,,,,,,,,,,,,,0022200604
161,PT00M06.80S,2023-01-09T02:33:04.8Z,1,REGULAR,rebound,offensive,[],1626163,,,1610612737,26,24,2023-01-09T02:33:09Z,1580000,False,,,0,,F. Kaminsky REBOUND (Off:2 Def:0),[1626163],1610612737.0,ATL,,,,Kaminsky,F. Kaminsky,,,,,Restricted Area,0-8 Center,,,,,160.0,2.0,0.0,2.0,,,,,,,,,,,,,0022200604
162,PT00M05.00S,2023-01-09T02:33:07.1Z,1,REGULAR,foul,personal,"['inpenalty', '2freethrow']",1629650,,,1610612737,26,24,2023-01-09T02:33:16Z,1590000,False,,,0,,M. Brown shooting personal FOUL (1 PF) (Kaminsky 2 FT),"[1629650, 1626163]",1610612746.0,LAC,shooting,,,Brown,M. Brown,,,,,Restricted Area,0-8 Center,,,,,,,,,,,,,,,,1627529.0,1.0,0.0,Kaminsky,1626163.0,0022200604
164,PT00M05.00S,2023-01-09T02:33:36.0Z,1,REGULAR,freethrow,1 of 2,['2ndchance'],1626163,,,1610612737,26,25,2023-01-09T02:54:38Z,1610000,False,,,0,,F. Kaminsky Free Throw 1 of 2 (4 PTS),[1626163],1610612737.0,ATL,,,,Kaminsky,F. Kaminsky,,,,,,,,Made,,,,,,,4.0,,,,,,,,,,,,0022200604
280,PT00M05.00S,2023-01-09T02:33:54.5Z,1,REGULAR,substitution,out,[],1629027,,,1610612737,26,25,2023-01-09T02:55:41Z,1612500,False,,,0,,SUB out: T. Young,[1629027],1610612737.0,ATL,,,,Young,T. Young,,,,,,,,,,,,,,,,,,,,,,,,,,,0022200604
281,PT00M05.00S,2023-01-09T02:33:54.5Z,1,REGULAR,substitution,in,[],1627749,,,1610612737,26,25,2023-01-09T02:55:41Z,1613750,False,,,0,,SUB in: D. Murray,[1627749],1610612737.0,ATL,,,,Murray,D. Murray,,,,,,,,,,,,,,,,,,,,,,,,,,,0022200604
167,PT00M05.00S,2023-01-09T02:33:36.0Z,1,REGULAR,freethrow,2 of 2,['2ndchance'],1626163,,,1610612737,26,25,2023-01-09T02:54:38Z,1615000,False,,,0,,MISS F. Kaminsky Free Throw 2 of 2,[1626163],1610612737.0,ATL,,,,Kaminsky,F. Kaminsky,,,,,,,,Missed,,,,,,,,,,,,,,,,,,,0022200604
168,PT00M03.40S,2023-01-09T02:33:37.6Z,1,REGULAR,rebound,defensive,[],1629650,,,1610612746,26,25,2023-01-09T02:54:38Z,1617500,False,,,0,,M. Brown REBOUND (Off:1 Def:5),[1629650],1610612746.0,LAC,,,,Brown,M. Brown,,,,,,,,,,,167.0,6.0,5.0,1.0,,,,,,,,,,,,,0022200604
169,PT00M00.30S,2023-01-09T02:34:13.1Z,1,REGULAR,2pt,Layup,['pointsinthepaint'],202322,88.48554533508542,45.34313725490197,1610612746,26,25,2023-01-09T02:35:00Z,1635000,False,-23.0,56.0,1,right,MISS J. Wall 6' driving Layup - blocked,"[202322, 1628988]",1610612746.0,LAC,driving,,,Wall,J. Wall,,,,,In The Paint (Non-RA),0-8 Center,6.04,Missed,Holiday,1628988.0,,,,,,,,,,,,,,,,,0022200604
170,PT00M00.30S,2023-01-09T02:34:13.1Z,1,REGULAR,block,,[],1628988,,,1610612746,26,25,2023-01-09T02:34:17Z,1637500,False,,,0,,A. Holiday BLOCK (1 BLK),[1628988],1610612737.0,ATL,,,,Holiday,A. Holiday,,,,,In The Paint (Non-RA),0-8 Center,,,,,,,,,,,,,,,,,,,,,0022200604
171,PT00M00.10S,2023-01-09T02:34:13.3Z,1,REGULAR,rebound,offensive,['team'],0,,,1610612746,26,25,2023-01-09T02:35:00Z,1638750,False,,,0,,TEAM offensive REBOUND,[],1610612746.0,LAC,,,,,,,,,,In The Paint (Non-RA),0-8 Center,,,,,169.0,,,,,,,,,,,,,,,,0022200604
172,PT00M00.00S,2023-01-09T02:34:21.7Z,1,REGULAR,period,end,[],0,,,1610612746,26,25,2023-01-09T02:34:21Z,1690000,False,,,0,,Period End,[],,,,,,,,,,,,,,,,,,,,,,,,,,,,,,,,,,0022200604
173,PT12M00.00S,2023-01-09T02:36:31.8Z,2,REGULAR,substitution,out,['startperiod'],202695,,,1610612746,26,25,2023-01-09T02:36:49Z,1700000,False,,,0,,SUB out: K. Leonard,[202695],1610612746.0,LAC,,,,Leonard,K. Leonard,,,,,,,,,,,,,,,,,,,,,,,,,,,0022200604
174,PT12M00.00S,2023-01-09T02:36:31.8Z,2,REGULAR,substitution,out,['startperiod'],1628988,,,1610612746,26,25,2023-01-09T02:36:49Z,1710000,False,,,0,,SUB out: A. Holiday,[1628988],1610612737.0,ATL,,,,Holiday,A. Holiday,,,,,,,,,,,,,,,,,,,,,,,,,,,0022200604
175,PT12M00.00S,2023-01-09T02:36:31.8Z,2,REGULAR,substitution,in,['startperiod'],1629611,,,1610612746,26,25,2023-01-09T02:36:49Z,1720000,False,,,0,,SUB in: T. Mann,[1629611],1610612746.0,LAC,,,,Mann,T. Mann,,,,,,,,,,,,,,,,,,,,,,,,,,,0022200604
176,PT12M00.00S,2023-01-09T02:36:31.8Z,2,REGULAR,substitution,in,['startperiod'],1631100,,,1610612746,26,25,2023-01-09T02:36:49Z,1730000,False,,,0,,SUB in: A. Griffin,[1631100],1610612737.0,ATL,,,,Griffin,A. Griffin,,,,,,,,,,,,,,,,,,,,,,,,,,,0022200604
177,PT12M00.00S,2023-01-09T02:36:51.4Z,2,REGULAR,period,start,[],0,,,1610612737,26,25,2023-01-09T02:36:51Z,1740000,False,,,0,,Period Start,[],,,,,,,,,,,,,,,,,,,,,,,,,,,,,,,,,,0022200604
178,PT11M39.00S,2023-01-09T02:37:11.9Z,2,REGULAR,2pt,Jump Shot,['pointsinthepaint'],1631100,12.8777923784494,39.68290441176471,1610612737,26,27,2023-01-09T02:37:20Z,1750000,False,52.0,69.0,1,left,A. Griffin 8' driving floating Jump Shot (2 PTS) (F. Kaminsky 1 AST),"[1631100, 1626163]",1610612737.0,ATL,driving floating,,,Griffin,A. Griffin,,,,,In The Paint (Non-RA),8-16 Right,8.58,Made,,,,,,,2.0,F. Kaminsky,1626163.0,1.0,,,,,,,,,0022200604
180,PT11M22.00S,2023-01-09T02:37:29.1Z,2,REGULAR,2pt,DUNK,['pointsinthepaint'],1629650,93.47897503285151,50.98039215686275,1610612746,28,27,2023-01-09T02:37:33Z,1770000,False,5.0,9.0,1,right,M. Brown DUNK (2 PTS) (T. Mann 3 AST),"[1629650, 1629611]",1610612746.0,LAC,,,,Brown,M. Brown,,,,,Restricted Area,0-8 Center,1.01,Made,,,,,,,2.0,T. Mann,1629611.0,3.0,,,,,,,,,0022200604
182,PT11M03.00S,2023-01-09T02:37:46.9Z,2,REGULAR,3pt,Jump Shot,[],203992,7.145203679369246,4.411764705882348,1610612737,28,27,2023-01-09T02:37:52Z,1790000,False,228.0,15.0,1,left,MISS B. Bogdanovic 3PT,[203992],1610612737.0,ATL,,,,Bogdanovic,B. Bogdanovic,,,,,Right Corner 3,24+ Right,22.84,Missed,,,,,,,,,,,,,,,,,,,0022200604
183,PT11M00.00S,2023-01-09T02:37:49.9Z,2,REGULAR,rebound,defensive,[],1629650,,,1610612746,28,27,2023-01-09T02:37:52Z,1800000,False,,,0,,M. Brown REBOUND (Off:1 Def:6),[1629650],1610612746.0,LAC,,,,Brown,M. Brown,,,,,Right Corner 3,24+ Right,,,,,182.0,7.0,6.0,1.0,,,,,,,,,,,,,0022200604
184,PT10M53.00S,2023-01-09T02:37:58.1Z,2,REGULAR,2pt,DUNK,['pointsinthepaint'],1629650,92.69053876478318,48.774509803921575,1610612746,30,27,2023-01-09T02:38:02Z,1810000,False,-6.0,16.0,1,right,M. Brown cutting DUNK (4 PTS) (J. Wall 1 AST),"[1629650, 202322]",1610612746.0,LAC,cutting,,,Brown,M. Brown,,,,,Restricted Area,0-8 Center,1.73,Made,,,,,,,4.0,J. Wall,202322.0,1.0,,,,,,,,,0022200604
186,PT10M35.00S,2023-01-09T02:38:14.8Z,2,REGULAR,2pt,Layup,['pointsinthepaint'],1630552,6.619579500657039,45.09803921568627,1610612737,30,29,2023-01-09T02:38:19Z,1830000,False,25.0,10.0,1,left,J. Johnson driving Layup (4 PTS),[1630552],1610612737.0,ATL,driving,,,Johnson,J. Johnson,,,,,Restricted Area,0-8 Center,2.64,Made,,,,,,,4.0,,,,,,,,,,,,0022200604
187,PT10M15.00S,2023-01-09T02:38:34.7Z,2,REGULAR,2pt,Hook,['pointsinthepaint'],1629650,86.90867279894876,48.28431372549019,1610612746,30,29,2023-01-09T02:38:40Z,1840000,False,-9.0,71.0,1,right,MISS M. Brown 7' turnaround Hook,[1629650],1610612746.0,LAC,turnaround,,,Brown,M. Brown,,,,,In The Paint (Non-RA),0-8 Center,7.11,Missed,,,,,,,,,,,,,,,,,,,0022200604
188,PT10M13.00S,2023-01-09T02:38:36.7Z,2,REGULAR,rebound,defensive,[],1627749,,,1610612737,30,29,2023-01-09T02:38:40Z,1850000,False,,,0,,D. Murray REBOUND (Off:1 Def:1),[1627749],1610612737.0,ATL,,,,Murray,D. Murray,,,,,In The Paint (Non-RA),0-8 Center,,,,,187.0,2.0,1.0,1.0,,,,,,,,,,,,,0022200604
189,PT10M06.00S,2023-01-09T02:38:44.2Z,2,REGULAR,2pt,Jump Shot,[],1627749,14.635348226018394,75.98039215686275,1610612737,30,31,2023-01-09T02:38:48Z,1860000,False,-130.0,85.0,1,left,D. Murray 15' pullup Jump Shot (8 PTS),[1627749],1610612737.0,ATL,pullup,,,Murray,D. Murray,,,,,Mid-Range,8-16 Left,15.53,Made,,,,,,,8.0,,,,,,,,,,,,0022200604
190,PT09M49.00S,2023-01-09T02:39:01.2Z,2,REGULAR,2pt,Jump Shot,[],1626181,76.26478318002628,72.30392156862744,1610612746,30,31,2023-01-09T02:39:06Z,1870000,False,112.0,171.0,1,right,MISS N. Powell 20' pullup Shot,[1626181],1610612746.0,LAC,pullup,,,Powell,N. Powell,,,,,Mid-Range,16-24 Right Center,20.38,Missed,,,,,,,,,,,,,,,,,,,0022200604
191,PT09M46.00S,2023-01-09T02:39:04.2Z,2,REGULAR,rebound,defensive,[],1630552,,,1610612737,30,31,2023-01-09T02:39:06Z,1880000,False,,,0,,J. Johnson REBOUND (Off:0 Def:2),[1630552],1610612737.0,ATL,,,,Johnson,J. Johnson,,,,,Mid-Range,16-24 Right Center,,,,,190.0,2.0,2.0,0.0,,,,,,,,,,,,,0022200604
192,PT09M40.00S,2023-01-09T02:39:10.7Z,2,REGULAR,3pt,Jump Shot,[],1630552,9.116294349540084,96.32352941176471,1610612737,30,34,2023-01-09T02:39:16Z,1890000,False,-232.0,33.0,1,left,J. Johnson 3PT  (7 PTS) (B. Bogdanovic 2 AST),"[1630552, 203992]",1610612737.0,ATL,,,,Johnson,J. Johnson,,,,,Left Corner 3,24+ Left,23.4,Made,,,,,,,7.0,B. Bogdanovic,203992.0,2.0,,,,,,,,,0022200604
194,PT09M17.00S,2023-01-09T02:39:34.2Z,2,REGULAR,turnover,bad pass,[],1626181,,,1610612746,30,34,2023-01-09T02:39:37Z,1910000,False,,,0,,N. Powell bad pass TURNOVER (1 TO),"[1626181, 1630552]",1610612746.0,LAC,,,,Powell,N. Powell,,,,,Above the Break 3,24+ Center,,,,,,,,,,,,,1.0,Johnson,1630552.0,,,,,,0022200604
195,PT09M17.00S,2023-01-09T02:39:34.2Z,2,REGULAR,steal,,[],1630552,,,1610612737,30,34,2023-01-09T02:39:36Z,1920000,False,,,0,,J. Johnson STEAL (2 STL),[1630552],1610612737.0,ATL,,,,Johnson,J. Johnson,,,,,Above the Break 3,24+ Center,,,,,,,,,,,,,,,,,,,,,0022200604
196,PT09M15.00S,2023-01-09T02:39:37.6Z,2,REGULAR,foul,personal,['2freethrow'],202322,,,1610612737,30,34,2023-01-09T02:39:46Z,1930000,False,,,0,,J. Wall shooting personal FOUL (1 PF) (Johnson 2 FT),"[202322, 1630552]",1610612746.0,LAC,shooting,,,Wall,J. Wall,,,,,Restricted Area,0-8 Center,,,,,,,,,,,,,,,,203591.0,1.0,0.0,Johnson,1630552.0,0022200604
198,PT09M15.00S,2023-01-09T02:40:07.7Z,2,REGULAR,freethrow,1 of 2,"['fromturnover', 'fastbreak']",1630552,,,1610612737,30,34,2023-01-09T02:40:07Z,1950000,False,,,0,,MISS J. Johnson Free Throw 1 of 2,[1630552],1610612737.0,ATL,,,,Johnson,J. Johnson,,,,,,,,Missed,,,,,,,,,,,,,,,,,,,0022200604
199,PT09M15.00S,2023-01-09T02:40:07.7Z,2,REGULAR,rebound,offensive,"['deadball', 'team']",0,,,1610612737,30,34,2023-01-09T02:40:07Z,1960000,False,,,0,,TEAM offensive REBOUND,[],1610612737.0,ATL,,,,,,,,,,,,,,,,198.0,,,,,,,,,,,,,,,,0022200604
200,PT09M15.00S,2023-01-09T02:40:08.5Z,2,REGULAR,substitution,out,[],1629650,,,1610612737,30,34,2023-01-09T02:40:12Z,1970000,False,,,0,,SUB out: M. Brown,[1629650],1610612746.0,LAC,,,,Brown,M. Brown,,,,,,,,,,,,,,,,,,,,,,,,,,,0022200604
201,PT09M15.00S,2023-01-09T02:40:08.5Z,2,REGULAR,substitution,in,[],1627826,,,1610612737,30,34,2023-01-09T02:40:12Z,1980000,False,,,0,,SUB in: I. Zubac,[1627826],1610612746.0,LAC,,,,Zubac,I. Zubac,,,,,,,,,,,,,,,,,,,,,,,,,,,0022200604
202,PT09M15.00S,2023-01-09T02:40:23.3Z,2,REGULAR,freethrow,2 of 2,"['fastbreak', 'fromturnover']",1630552,,,1610612737,30,35,2023-01-09T02:40:23Z,1990000,False,,,0,,J. Johnson Free Throw 2 of 2 (8 PTS),[1630552],1610612737.0,ATL,,,,Johnson,J. Johnson,,,,,,,,Made,,,,,,,8.0,,,,,,,,,,,,0022200604
203,PT08M53.00S,2023-01-09T02:40:52.0Z,2,REGULAR,3pt,Jump Shot,[],202322,94.13600525624179,4.166666666666657,1610612746,30,35,2023-01-09T02:40:56Z,2000000,False,-229.0,3.0,1,right,MISS J. Wall 3PT,[202322],1610612746.0,LAC,,,,Wall,J. Wall,,,,,Left Corner 3,24+ Left,22.92,Missed,,,,,,,,,,,,,,,,,,,0022200604
204,PT08M50.00S,2023-01-09T02:40:55.0Z,2,REGULAR,rebound,offensive,[],1629611,,,1610612746,30,35,2023-01-09T02:40:56Z,2010000,False,,,0,,T. Mann REBOUND (Off:2 Def:0),[1629611],1610612746.0,LAC,,,,Mann,T. Mann,,,,,Left Corner 3,24+ Left,,,,,203.0,2.0,0.0,2.0,,,,,,,,,,,,,0022200604
205,PT08M47.00S,2023-01-09T02:40:57.7Z,2,REGULAR,3pt,Jump Shot,['2ndchance'],1626181,67.65768725361366,43.826593137254896,1610612746,30,35,2023-01-09T02:41:05Z,2020000,False,-31.0,252.0,1,right,MISS N. Powell 25' 3PT,[1626181],1610612746.0,LAC,,,,Powell,N. Powell,,,,,Above the Break 3,24+ Center,25.34,Missed,,,,,,,,,,,,,,,,,,,0022200604
206,PT08M44.00S,2023-01-09T02:41:00.7Z,2,REGULAR,rebound,defensive,[],1626163,,,1610612737,30,35,2023-01-09T02:41:05Z,2030000,False,,,0,,F. Kaminsky REBOUND (Off:2 Def:1),[1626163],1610612737.0,ATL,,,,Kaminsky,F. Kaminsky,,,,,Above the Break 3,24+ Center,,,,,205.0,3.0,1.0,2.0,,,,,,,,,,,,,0022200604
207,PT08M26.00S,2023-01-09T02:41:18.4Z,2,REGULAR,2pt,Jump Shot,['pointsinthepaint'],203992,15.292378449408673,46.81372549019608,1610612737,30,37,2023-01-09T02:41:25Z,2040000,False,16.0,91.0,1,left,B. Bogdanovic 9' step back Jump Shot (4 PTS),[203992],1610612737.0,ATL,step back,,,Bogdanovic,B. Bogdanovic,,,,,In The Paint (Non-RA),8-16 Center,9.26,Made,,,,,,,4.0,,,,,,,,,,,,0022200604
208,PT08M07.00S,2023-01-09T02:41:37.9Z,2,REGULAR,2pt,Jump Shot,['pointsinthepaint'],1626181,87.69710906701708,49.50980392156863,1610612746,30,37,2023-01-09T02:44:31Z,2050000,False,-2.0,63.0,1,right,MISS N. Powell 6' driving floating Shot,[1626181],1610612746.0,LAC,driving floating,,,Powell,N. Powell,,,,,In The Paint (Non-RA),0-8 Center,6.31,Missed,,,,,,,,,,,,,,,,,,,0022200604
209,PT08M04.00S,2023-01-09T02:41:40.9Z,2,REGULAR,rebound,defensive,[],1630552,,,1610612737,30,37,2023-01-09T02:41:48Z,2060000,False,,,0,,J. Johnson REBOUND (Off:0 Def:3),[1630552],1610612737.0,ATL,,,,Johnson,J. Johnson,,,,,In The Paint (Non-RA),0-8 Center,,,,,208.0,3.0,3.0,0.0,,,,,,,,,,,,,0022200604
210,PT07M53.00S,2023-01-09T02:41:51.3Z,2,REGULAR,3pt,Jump Shot,[],1630552,32.24375821287779,50.0,1610612737,30,40,2023-01-09T02:41:56Z,2070000,False,0.0,251.0,1,left,J. Johnson 25' 3PT  (11 PTS) (D. Murray 3 AST),"[1630552, 1627749]",1610612737.0,ATL,,,,Johnson,J. Johnson,,,,,Above the Break 3,24+ Center,25.06,Made,,,,,,,11.0,D. Murray,1627749.0,3.0,,,,,,,,,0022200604
212,PT07M52.00S,2023-01-09T02:41:57.3Z,2,REGULAR,timeout,full,"['team', 'mandatory']",0,,,1610612746,30,40,2023-01-09T02:41:57Z,2090000,False,,,0,,LAC Timeout,[],1610612746.0,LAC,,,,,,,,,,,,,,,,,,,,,,,,,,,,,,,,0022200604
213,PT07M52.00S,2023-01-09T02:44:37.1Z,2,REGULAR,substitution,out,[],202704,,,1610612746,30,40,2023-01-09T02:44:47Z,2100000,False,,,0,,SUB out: R. Jackson,[202704],1610612746.0,LAC,,,,Jackson,R. Jackson,,,,,,,,,,,,,,,,,,,,,,,,,,,0022200604
214,PT07M52.00S,2023-01-09T02:44:37.1Z,2,REGULAR,substitution,in,[],202695,,,1610612746,30,40,2023-01-09T02:44:47Z,2110000,False,,,0,,SUB in: K. Leonard,[202695],1610612746.0,LAC,,,,Leonard,K. Leonard,,,,,,,,,,,,,,,,,,,,,,,,,,,0022200604
215,PT07M41.00S,2023-01-09T02:45:05.5Z,2,REGULAR,2pt,Layup,['pointsinthepaint'],1627826,92.42772667542707,46.32352941176471,1610612746,32,40,2023-01-09T02:45:21Z,2120000,False,-18.0,19.0,1,right,I. Zubac Layup (9 PTS) (J. Wall 2 AST),"[1627826, 202322]",1610612746.0,LAC,,,,Zubac,I. Zubac,,,,,Restricted Area,0-8 Center,2.62,Made,,,,,,,9.0,J. Wall,202322.0,2.0,,,,,,,,,0022200604
217,PT07M26.00S,2023-01-09T02:45:19.1Z,2,REGULAR,3pt,Jump Shot,[],203992,31.45532194480947,76.22549019607843,1610612737,32,40,2023-01-09T02:45:29Z,2140000,False,-131.0,243.0,1,left,MISS B. Bogdanovic 27' 3PT,[203992],1610612737.0,ATL,,,,Bogdanovic,B. Bogdanovic,,,,,Above the Break 3,24+ Left Center,27.63,Missed,,,,,,,,,,,,,,,,,,,0022200604
218,PT07M23.00S,2023-01-09T02:45:22.1Z,2,REGULAR,rebound,defensive,[],202322,,,1610612746,32,40,2023-01-09T02:45:29Z,2150000,False,,,0,,J. Wall REBOUND (Off:0 Def:1),[202322],1610612746.0,LAC,,,,Wall,J. Wall,,,,,Above the Break 3,24+ Left Center,,,,,217.0,1.0,1.0,0.0,,,,,,,,,,,,,0022200604
219,PT07M18.00S,2023-01-09T02:45:27.7Z,2,REGULAR,2pt,Layup,"['fastbreak', 'pointsinthepaint']",202322,92.29632063074901,55.14705882352941,1610612746,34,40,2023-01-09T02:46:07Z,2160000,False,26.0,20.0,1,right,J. Wall running Layup (2 PTS),[202322],1610612746.0,LAC,running,,,Wall,J. Wall,,,,,Restricted Area,0-8 Center,3.25,Made,,,,,,,2.0,,,,,,,,,,,,0022200604
220,PT07M00.00S,2023-01-09T02:45:48.2Z,2,REGULAR,turnover,out-of-bounds,[],1630552,,,1610612737,34,40,2023-01-09T02:45:56Z,2170000,False,,,0,,J. Johnson bad pass out-of-bounds TURNOVER (1 TO),[1630552],1610612737.0,ATL,bad pass,,,Johnson,J. Johnson,,,,,Mid-Range,8-16 Right,,,,,,,,,,,,,1.0,,,203591.0,,,,,0022200604
221,PT07M00.00S,2023-01-09T02:45:57.0Z,2,REGULAR,substitution,out,[],1626163,,,1610612746,34,40,2023-01-09T02:46:00Z,2180000,False,,,0,,SUB out: F. Kaminsky,[1626163],1610612737.0,ATL,,,,Kaminsky,F. Kaminsky,,,,,,,,,,,,,,,,,,,,,,,,,,,0022200604
222,PT07M00.00S,2023-01-09T02:45:57.0Z,2,REGULAR,substitution,out,[],1630552,,,1610612746,34,40,2023-01-09T02:46:00Z,2190000,False,,,0,,SUB out: J. Johnson,[1630552],1610612737.0,ATL,,,,Johnson,J. Johnson,,,,,,,,,,,,,,,,,,,,,,,,,,,0022200604
223,PT07M00.00S,2023-01-09T02:45:57.0Z,2,REGULAR,substitution,in,[],1629631,,,1610612746,34,40,2023-01-09T02:46:00Z,2200000,False,,,0,,SUB in: D. Hunter,[1629631],1610612737.0,ATL,,,,Hunter,D. Hunter,,,,,,,,,,,,,,,,,,,,,,,,,,,0022200604
224,PT07M00.00S,2023-01-09T02:45:57.0Z,2,REGULAR,substitution,in,[],1630168,,,1610612746,34,40,2023-01-09T02:46:00Z,2210000,False,,,0,,SUB in: O. Okongwu,[1630168],1610612737.0,ATL,,,,Okongwu,O. Okongwu,,,,,,,,,,,,,,,,,,,,,,,,,,,0022200604
225,PT06M47.00S,2023-01-09T02:46:20.5Z,2,REGULAR,foul,personal,['2freethrow'],1629631,,,1610612746,34,40,2023-01-09T02:46:25Z,2220000,False,,,0,,D. Hunter shooting personal FOUL (1 PF) (Leonard 2 FT),"[1629631, 202695]",1610612737.0,ATL,shooting,,,Hunter,D. Hunter,,,,,In The Paint (Non-RA),0-8 Center,,,,,,,,,,,,,,,,1627529.0,1.0,0.0,Leonard,202695.0,0022200604
227,PT06M47.00S,2023-01-09T02:46:46.5Z,2,REGULAR,freethrow,1 of 2,['fromturnover'],202695,,,1610612746,35,40,2023-01-09T02:46:46Z,2240000,False,,,0,,K. Leonard Free Throw 1 of 2 (7 PTS),[202695],1610612746.0,LAC,,,,Leonard,K. Leonard,,,,,,,,Made,,,,,,,7.0,,,,,,,,,,,,0022200604
228,PT06M47.00S,2023-01-09T02:46:47.2Z,2,REGULAR,substitution,out,[],1627749,,,1610612746,35,40,2023-01-09T02:46:53Z,2250000,False,,,0,,SUB out: D. Murray,[1627749],1610612737.0,ATL,,,,Murray,D. Murray,,,,,,,,,,,,,,,,,,,,,,,,,,,0022200604
229,PT06M47.00S,2023-01-09T02:46:47.2Z,2,REGULAR,substitution,in,[],1629027,,,1610612746,35,40,2023-01-09T02:46:53Z,2260000,False,,,0,,SUB in: T. Young,[1629027],1610612737.0,ATL,,,,Young,T. Young,,,,,,,,,,,,,,,,,,,,,,,,,,,0022200604
230,PT06M47.00S,2023-01-09T02:47:06.6Z,2,REGULAR,freethrow,2 of 2,['fromturnover'],202695,,,1610612746,36,40,2023-01-09T02:47:06Z,2270000,False,,,0,,K. Leonard Free Throw 2 of 2 (8 PTS),[202695],1610612746.0,LAC,,,,Leonard,K. Leonard,,,,,,,,Made,,,,,,,8.0,,,,,,,,,,,,0022200604
231,PT06M28.00S,2023-01-09T02:47:27.3Z,2,REGULAR,3pt,Jump Shot,[],1631100,29.09001314060447,22.549019607843135,1610612737,36,43,2023-01-09T02:47:33Z,2280000,False,137.0,221.0,1,left,A. Griffin 26' 3PT  (5 PTS) (B. Bogdanovic 3 AST),"[1631100, 203992]",1610612737.0,ATL,,,,Griffin,A. Griffin,,,,,Above the Break 3,24+ Right Center,26.01,Made,,,,,,,5.0,B. Bogdanovic,203992.0,3.0,,,,,,,,,0022200604
233,PT06M19.00S,2023-01-09T02:47:48.2Z,2,REGULAR,2pt,Layup,['pointsinthepaint'],202322,92.42772667542707,55.63725490196079,1610612746,36,43,2023-01-09T02:47:53Z,2300000,False,28.0,19.0,1,right,MISS J. Wall driving Layup - blocked,"[202322, 1630168]",1610612746.0,LAC,driving,,,Wall,J. Wall,,,,,Restricted Area,0-8 Center,3.38,Missed,Okongwu,1630168.0,,,,,,,,,,,,,,,,,0022200604
234,PT06M19.00S,2023-01-09T02:47:48.2Z,2,REGULAR,block,,[],1630168,,,1610612746,36,43,2023-01-09T02:47:50Z,2310000,False,,,0,,O. Okongwu BLOCK (2 BLK),[1630168],1610612737.0,ATL,,,,Okongwu,O. Okongwu,,,,,Restricted Area,0-8 Center,,,,,,,,,,,,,,,,,,,,,0022200604
235,PT06M19.00S,2023-01-09T02:47:48.2Z,2,REGULAR,rebound,defensive,['team'],0,,,1610612737,36,43,2023-01-09T02:47:53Z,2320000,False,,,0,,TEAM defensive REBOUND,[],1610612737.0,ATL,,,,,,,,,,Restricted Area,0-8 Center,,,,,233.0,,,,,,,,,,,,,,,,0022200604
237,PT06M06.00S,2023-01-09T02:48:06.4Z,2,REGULAR,2pt,Jump Shot,[],1629027,21.994086727989497,34.803921568627445,1610612737,36,45,2023-01-09T02:48:10Z,2340000,False,76.0,154.0,1,left,T. Young 17' pullup Jump Shot (4 PTS),[1629027],1610612737.0,ATL,pullup,,,Young,T. Young,,,,,Mid-Range,16-24 Right Center,17.19,Made,,,,,,,4.0,,,,,,,,,,,,0022200604
238,PT05M39.00S,2023-01-09T02:48:33.3Z,2,REGULAR,2pt,Jump Shot,[],202322,77.66097240473061,63.88250612745098,1610612746,36,45,2023-01-09T02:49:11Z,2350000,False,69.0,157.0,1,right,MISS J. Wall 17' pullup Shot - blocked,"[202322, 1631100]",1610612746.0,LAC,pullup,,,Wall,J. Wall,,,,,Mid-Range,16-24 Right Center,17.21,Missed,Griffin,1631100.0,,,,,,,,,,,,,,,,,0022200604
239,PT05M39.00S,2023-01-09T02:48:33.3Z,2,REGULAR,block,,[],1631100,,,1610612746,36,45,2023-01-09T02:48:35Z,2360000,False,,,0,,A. Griffin BLOCK (1 BLK),[1631100],1610612737.0,ATL,,,,Griffin,A. Griffin,,,,,Mid-Range,16-24 Right Center,,,,,,,,,,,,,,,,,,,,,0022200604
240,PT05M36.00S,2023-01-09T02:48:36.3Z,2,REGULAR,rebound,offensive,[],1629611,,,1610612746,36,45,2023-01-09T02:48:38Z,2370000,False,,,0,,T. Mann REBOUND (Off:3 Def:0),[1629611],1610612746.0,LAC,,,,Mann,T. Mann,,,,,Mid-Range,16-24 Right Center,,,,,238.0,3.0,0.0,3.0,,,,,,,,,,,,,0022200604
241,PT05M34.00S,2023-01-09T02:48:37.1Z,2,REGULAR,2pt,Jump Shot,['2ndchance'],1629611,83.88633377135349,78.67647058823529,1610612746,36,45,2023-01-09T02:49:24Z,2380000,False,143.0,99.0,1,right,MISS T. Mann 17' turnaround fadeaway Shot,[1629611],1610612746.0,LAC,turnaround fadeaway,,,Mann,T. Mann,,,,,Mid-Range,16-24 Right,17.43,Missed,,,,,,,,,,,,,,,,,,,0022200604
242,PT05M34.00S,2023-01-09T02:48:37.1Z,2,REGULAR,rebound,defensive,[],1629027,,,1610612737,36,45,2023-01-09T02:48:43Z,2390000,False,,,0,,T. Young REBOUND (Off:0 Def:2),[1629027],1610612737.0,ATL,,,,Young,T. Young,,,,,Mid-Range,16-24 Right,,,,,241.0,2.0,2.0,0.0,,,,,,,,,,,,,0022200604
244,PT05M34.00S,2023-01-09T02:48:48.8Z,2,REGULAR,substitution,out,[],202322,,,1610612737,36,45,2023-01-09T02:48:50Z,2410000,False,,,0,,SUB out: J. Wall,[202322],1610612746.0,LAC,,,,Wall,J. Wall,,,,,,,,,,,,,,,,,,,,,,,,,,,0022200604
245,PT05M34.00S,2023-01-09T02:48:48.8Z,2,REGULAR,substitution,in,[],201587,,,1610612737,36,45,2023-01-09T02:48:50Z,2420000,False,,,0,,SUB in: N. Batum,[201587],1610612746.0,LAC,,,,Batum,N. Batum,,,,,,,,,,,,,,,,,,,,,,,,,,,0022200604
246,PT05M21.00S,2023-01-09T02:49:16.3Z,2,REGULAR,3pt,Jump Shot,[],203992,22.519710906701704,90.93137254901961,1610612737,36,45,2023-01-09T02:49:23Z,2430000,False,-205.0,159.0,1,left,MISS B. Bogdanovic 25' 3PT,[203992],1610612737.0,ATL,,,,Bogdanovic,B. Bogdanovic,,,,,Above the Break 3,24+ Left Center,25.93,Missed,,,,,,,,,,,,,,,,,,,0022200604
247,PT05M14.00S,2023-01-09T02:49:23.3Z,2,REGULAR,rebound,offensive,[],1630168,,,1610612737,36,45,2023-01-09T02:49:23Z,2440000,False,,,0,,O. Okongwu REBOUND (Off:1 Def:2),[1630168],1610612737.0,ATL,,,,Okongwu,O. Okongwu,,,,,Above the Break 3,24+ Left Center,,,,,246.0,3.0,2.0,1.0,,,,,,,,,,,,,0022200604
248,PT05M14.00S,2023-01-09T02:49:22.7Z,2,REGULAR,2pt,DUNK,"['2ndchance', 'pointsinthepaint']",1630168,5.590000152587891,50.0,1610612737,36,47,2023-01-09T02:49:25Z,2450000,False,0.0,0.0,1,left,O. Okongwu tip DUNK (2 PTS),[1630168],1610612737.0,ATL,tip,,,Okongwu,O. Okongwu,,,,,Restricted Area,0-8 Center,0.0,Made,,,,,,,2.0,,,,,,,,,,,,0022200604
249,PT04M58.00S,2023-01-09T02:49:39.0Z,2,REGULAR,2pt,Jump Shot,[],202695,78.49868593955321,49.754901960784316,1610612746,38,47,2023-01-09T02:49:46Z,2460000,False,-1.0,150.0,1,right,K. Leonard 14' pullup Jump Shot (10 PTS),[202695],1610612746.0,LAC,pullup,,,Leonard,K. Leonard,,,,,Mid-Range,8-16 Center,14.96,Made,,,,,,,10.0,,,,,,,,,,,,0022200604
250,PT04M45.00S,2023-01-09T02:49:52.0Z,2,REGULAR,3pt,Jump Shot,[],1629027,31.718134034165573,37.99019607843137,1610612737,38,50,2023-01-09T02:49:58Z,2470000,False,60.0,246.0,1,left,T. Young 25' 3PT pullup (7 PTS),[1629027],1610612737.0,ATL,pullup,,,Young,T. Young,,,,,Above the Break 3,24+ Center,25.29,Made,,,,,,,7.0,,,,,,,,,,,,0022200604
251,PT04M30.00S,2023-01-09T02:50:07.0Z,2,REGULAR,3pt,Jump Shot,[],1626181,68.64323258869908,72.79411764705883,1610612746,41,50,2023-01-09T02:50:12Z,2480000,False,114.0,242.0,1,right,N. Powell 26' 3PT  (5 PTS) (N. Batum 2 AST),"[1626181, 201587]",1610612746.0,LAC,,,,Powell,N. Powell,,,,,Above the Break 3,24+ Right Center,26.78,Made,,,,,,,5.0,N. Batum,201587.0,2.0,,,,,,,,,0022200604
253,PT04M19.00S,2023-01-09T02:50:19.9Z,2,REGULAR,turnover,out-of-bounds,[],1629027,,,1610612737,41,50,2023-01-09T02:50:25Z,2500000,False,,,0,,T. Young lost ball out-of-bounds TURNOVER (1 TO),[1629027],1610612737.0,ATL,lost ball,,,Young,T. Young,,,,,Above the Break 3,24+ Left Center,,,,,,,,,,,,,1.0,,,203591.0,,,,,0022200604
254,PT04M19.00S,2023-01-09T02:50:23.1Z,2,REGULAR,substitution,out,[],1626181,,,1610612746,41,50,2023-01-09T02:50:35Z,2510000,False,,,0,,SUB out: N. Powell,[1626181],1610612746.0,LAC,,,,Powell,N. Powell,,,,,,,,,,,,,,,,,,,,,,,,,,,0022200604
255,PT04M19.00S,2023-01-09T02:50:23.1Z,2,REGULAR,substitution,out,[],203992,,,1610612746,41,50,2023-01-09T02:50:35Z,2520000,False,,,0,,SUB out: B. Bogdanovic,[203992],1610612737.0,ATL,,,,Bogdanovic,B. Bogdanovic,,,,,,,,,,,,,,,,,,,,,,,,,,,0022200604
256,PT04M19.00S,2023-01-09T02:50:23.1Z,2,REGULAR,substitution,out,[],1631100,,,1610612746,41,50,2023-01-09T02:50:35Z,2530000,False,,,0,,SUB out: A. Griffin,[1631100],1610612737.0,ATL,,,,Griffin,A. Griffin,,,,,,,,,,,,,,,,,,,,,,,,,,,0022200604
257,PT04M19.00S,2023-01-09T02:50:23.1Z,2,REGULAR,substitution,in,[],202694,,,1610612746,41,50,2023-01-09T02:50:35Z,2540000,False,,,0,,SUB in: M. Morris Sr.,[202694],1610612746.0,LAC,,,,Morris Sr.,M. Morris Sr.,,,,,,,,,,,,,,,,,,,,,,,,,,,0022200604
258,PT04M19.00S,2023-01-09T02:50:23.1Z,2,REGULAR,substitution,in,[],1627749,,,1610612746,41,50,2023-01-09T02:50:35Z,2550000,False,,,0,,SUB in: D. Murray,[1627749],1610612737.0,ATL,,,,Murray,D. Murray,,,,,,,,,,,,,,,,,,,,,,,,,,,0022200604
259,PT04M19.00S,2023-01-09T02:50:23.1Z,2,REGULAR,substitution,in,[],1628381,,,1610612746,41,50,2023-01-09T02:50:35Z,2560000,False,,,0,,SUB in: J. Collins,[1628381],1610612737.0,ATL,,,,Collins,J. Collins,,,,,,,,,,,,,,,,,,,,,,,,,,,0022200604
260,PT04M07.00S,2023-01-09T02:50:51.1Z,2,REGULAR,2pt,Hook,"['pointsinthepaint', 'fromturnover']",202695,86.12023653088042,49.50980392156863,1610612746,41,50,2023-01-09T02:50:54Z,2570000,False,-2.0,78.0,1,right,MISS K. Leonard 7' turnaround Hook,[202695],1610612746.0,LAC,turnaround,,,Leonard,K. Leonard,,,,,In The Paint (Non-RA),0-8 Center,7.8,Missed,,,,,,,,,,,,,,,,,,,0022200604
261,PT04M04.00S,2023-01-09T02:50:54.3Z,2,REGULAR,rebound,offensive,[],1627826,,,1610612746,41,50,2023-01-09T02:50:54Z,2580000,False,,,0,,I. Zubac REBOUND (Off:4 Def:2),[1627826],1610612746.0,LAC,,,,Zubac,I. Zubac,,,,,In The Paint (Non-RA),0-8 Center,,,,,260.0,6.0,2.0,4.0,,,,,,,,,,,,,0022200604
262,PT04M04.00S,2023-01-09T02:50:54.3Z,2,REGULAR,2pt,Layup,"['2ndchance', 'pointsinthepaint', 'fromturnover']",1627826,94.40999984741211,50.0,1610612746,41,50,2023-01-09T02:50:58Z,2590000,False,0.0,0.0,1,right,MISS I. Zubac tip Layup,[1627826],1610612746.0,LAC,tip,,,Zubac,I. Zubac,,,,,Restricted Area,0-8 Center,0.0,Missed,,,,,,,,,,,,,,,,,,,0022200604
263,PT04M04.00S,2023-01-09T02:50:54.3Z,2,REGULAR,rebound,offensive,[],1627826,,,1610612746,41,50,2023-01-09T02:50:58Z,2600000,False,,,0,,I. Zubac REBOUND (Off:5 Def:2),[1627826],1610612746.0,LAC,,,,Zubac,I. Zubac,,,,,Restricted Area,0-8 Center,,,,,262.0,7.0,2.0,5.0,,,,,,,,,,,,,0022200604
264,PT04M04.00S,2023-01-09T02:50:57.7Z,2,REGULAR,turnover,out-of-bounds,[],1627826,,,1610612746,41,50,2023-01-09T02:51:22Z,2610000,False,,,0,,I. Zubac step out-of-bounds TURNOVER (1 TO),[1627826],1610612746.0,LAC,step,,,Zubac,I. Zubac,,,,,In The Paint (Non-RA),0-8 Center,,,,,,,,,,,,,1.0,,,2882.0,,,,,0022200604
265,PT03M51.00S,2023-01-09T02:51:13.1Z,2,REGULAR,3pt,Jump Shot,['fromturnover'],1629027,31.672963206307486,37.01363357843137,1610612737,41,50,2023-01-09T02:51:19Z,2620000,False,65.0,245.0,1,left,MISS T. Young 25' step back 3PT,[1629027],1610612737.0,ATL,step back,,,Young,T. Young,,,,,Above the Break 3,24+ Center,25.36,Missed,,,,,,,,,,,,,,,,,,,0022200604
266,PT03M49.00S,2023-01-09T02:51:15.1Z,2,REGULAR,rebound,defensive,[],202694,,,1610612746,41,50,2023-01-09T02:51:19Z,2630000,False,,,0,,M. Morris Sr. REBOUND (Off:0 Def:2),[202694],1610612746.0,LAC,,,,Morris Sr.,M. Morris Sr.,,,,,Above the Break 3,24+ Center,,,,,265.0,2.0,2.0,0.0,,,,,,,,,,,,,0022200604
267,PT03M33.00S,2023-01-09T02:51:30.7Z,2,REGULAR,2pt,Jump Shot,['pointsinthepaint'],1629611,84.67477003942182,59.31372549019608,1610612746,41,50,2023-01-09T02:52:04Z,2640000,False,47.0,92.0,1,right,MISS T. Mann 10' fadeaway Shot,[1629611],1610612746.0,LAC,fadeaway,,,Mann,T. Mann,,,,,In The Paint (Non-RA),8-16 Center,10.28,Missed,,,,,,,,,,,,,,,,,,,0022200604
268,PT03M32.00S,2023-01-09T02:51:31.7Z,2,REGULAR,rebound,defensive,[],1627749,,,1610612737,41,50,2023-01-09T02:51:38Z,2650000,False,,,0,,D. Murray REBOUND (Off:1 Def:2),[1627749],1610612737.0,ATL,,,,Murray,D. Murray,,,,,In The Paint (Non-RA),8-16 Center,,,,,267.0,3.0,2.0,1.0,,,,,,,,,,,,,0022200604
269,PT03M28.00S,2023-01-09T02:51:36.5Z,2,REGULAR,3pt,Jump Shot,['fastbreak'],1629631,10.95597897503285,4.901960784313729,1610612737,41,53,2023-01-09T02:52:10Z,2660000,False,225.0,50.0,1,left,D. Hunter 3PT running (7 PTS) (D. Murray 4 AST),"[1629631, 1627749]",1610612737.0,ATL,running,,,Hunter,D. Hunter,,,,,Right Corner 3,24+ Right,23.11,Made,,,,,,,7.0,D. Murray,1627749.0,4.0,,,,,,,,,0022200604
271,PT03M26.00S,2023-01-09T02:51:46.3Z,2,REGULAR,timeout,full,"['team', 'mandatory']",0,,,1610612746,41,53,2023-01-09T02:51:46Z,2680000,False,,,0,,LAC Timeout,[],1610612746.0,LAC,,,,,,,,,,,,,,,,,,,,,,,,,,,,,,,,0022200604
272,PT03M12.00S,2023-01-09T02:54:56.2Z,2,REGULAR,2pt,Jump Shot,[],202694,77.44743758212877,59.80392156862745,1610612746,41,53,2023-01-09T02:55:02Z,2690000,False,49.0,159.0,1,right,MISS M. Morris Sr. 16' pullup Shot,[202694],1610612746.0,LAC,pullup,,,Morris Sr.,M. Morris Sr.,,,,,Mid-Range,16-24 Center,16.69,Missed,,,,,,,,,,,,,,,,,,,0022200604
273,PT03M09.00S,2023-01-09T02:54:59.2Z,2,REGULAR,rebound,defensive,[],1628381,,,1610612737,41,53,2023-01-09T02:55:02Z,2700000,False,,,0,,J. Collins REBOUND (Off:0 Def:3),[1628381],1610612737.0,ATL,,,,Collins,J. Collins,,,,,Mid-Range,16-24 Center,,,,,272.0,3.0,3.0,0.0,,,,,,,,,,,,,0022200604
274,PT02M59.00S,2023-01-09T02:55:10.8Z,2,REGULAR,3pt,Jump Shot,[],1629027,37.77513140604468,60.041360294117645,1610612737,41,53,2023-01-09T02:56:19Z,2710000,False,-50.0,303.0,1,left,MISS T. Young 30' pullup 3PT,[1629027],1610612737.0,ATL,pullup,,,Young,T. Young,,,,,Above the Break 3,24+ Center,30.67,Missed,,,,,,,,,,,,,,,,,,,0022200604
275,PT02M54.00S,2023-01-09T02:55:15.8Z,2,REGULAR,rebound,offensive,[],1629631,,,1610612737,41,53,2023-01-09T02:55:16Z,2720000,False,,,0,,D. Hunter REBOUND (Off:2 Def:1),[1629631],1610612737.0,ATL,,,,Hunter,D. Hunter,,,,,Above the Break 3,24+ Center,,,,,274.0,3.0,1.0,2.0,,,,,,,,,,,,,0022200604
276,PT02M54.00S,2023-01-09T02:55:14.8Z,2,REGULAR,2pt,Layup,"['2ndchance', 'pointsinthepaint']",1629631,5.590000152587891,50.0,1610612737,41,55,2023-01-09T02:55:18Z,2730000,False,0.0,0.0,1,left,D. Hunter tip Layup (9 PTS),[1629631],1610612737.0,ATL,tip,,,Hunter,D. Hunter,,,,,Restricted Area,0-8 Center,0.0,Made,,,,,,,9.0,,,,,,,,,,,,0022200604
277,PT02M45.00S,2023-01-09T02:55:27.8Z,2,REGULAR,foul,offensive,[],201587,,,1610612746,41,55,2023-01-09T02:55:44Z,2740000,False,,,0,,N. Batum offensive FOUL (1 PF),"[201587, 1629631]",1610612746.0,LAC,,,,Batum,N. Batum,,,,,Mid-Range,16-24 Right Center,,,,,,,,,,,,,,,,2882.0,1.0,0.0,Hunter,1629631.0,0022200604
279,PT02M45.00S,2023-01-09T02:55:27.8Z,2,REGULAR,turnover,offensive foul,[],201587,,,1610612746,41,55,2023-01-09T02:55:44Z,2760000,False,,,0,,N. Batum offensive foul TURNOVER (1 TO),[201587],1610612746.0,LAC,,,,Batum,N. Batum,,,,,Mid-Range,16-24 Right Center,,,,,,,,,,,,,1.0,,,2882.0,,,,,0022200604
282,PT02M37.00S,2023-01-09T02:55:50.7Z,2,REGULAR,foul,personal,[],201587,,,1610612737,41,55,2023-01-09T02:56:58Z,2770000,False,,,0,,N. Batum personal FOUL (2 PF),"[201587, 1629027]",1610612746.0,LAC,,,,Batum,N. Batum,,,,,In The Paint (Non-RA),0-8 Center,,,,,,,,,,,,,,,,203591.0,2.0,0.0,Young,1629027.0,0022200604
284,PT02M29.00S,2023-01-09T02:56:16.3Z,2,REGULAR,turnover,lost ball,[],1630168,,,1610612737,41,55,2023-01-09T03:30:28Z,2790000,False,,,0,,O. Okongwu lost ball TURNOVER (1 TO),"[1630168, 1629611]",1610612737.0,ATL,,,,Okongwu,O. Okongwu,,,,,Restricted Area,0-8 Center,,,,,,,,,,,,,1.0,Mann,1629611.0,,,,,,0022200604
285,PT02M29.00S,2023-01-09T02:56:16.3Z,2,REGULAR,steal,,[],1629611,,,1610612746,41,55,2023-01-09T03:30:28Z,2800000,False,,,0,,T. Mann STEAL (1 STL),[1629611],1610612746.0,LAC,,,,Mann,T. Mann,,,,,Restricted Area,0-8 Center,,,,,,,,,,,,,,,,,,,,,0022200604
286,PT02M22.00S,2023-01-09T02:56:22.6Z,2,REGULAR,2pt,Jump Shot,['fromturnover'],202695,76.26478318002628,62.254901960784316,1610612746,41,55,2023-01-09T02:59:01Z,2810000,False,61.0,171.0,1,right,MISS K. Leonard 18' pullup Shot,[202695],1610612746.0,LAC,pullup,,,Leonard,K. Leonard,,,,,Mid-Range,16-24 Right Center,18.13,Missed,,,,,,,,,,,,,,,,,,,0022200604
287,PT02M20.00S,2023-01-09T02:56:24.6Z,2,REGULAR,rebound,defensive,[],1630168,,,1610612737,41,55,2023-01-09T02:56:28Z,2820000,False,,,0,,O. Okongwu REBOUND (Off:1 Def:3),[1630168],1610612737.0,ATL,,,,Okongwu,O. Okongwu,,,,,Mid-Range,16-24 Right Center,,,,,286.0,4.0,3.0,1.0,,,,,,,,,,,,,0022200604
288,PT02M14.00S,2023-01-09T02:56:30.8Z,2,REGULAR,2pt,Layup,"['fastbreak', 'pointsinthepaint']",1629027,7.539421813403408,50.98039215686275,1610612737,41,57,2023-01-09T02:56:47Z,2830000,False,-5.0,18.0,1,left,T. Young running finger roll Layup (9 PTS),[1629027],1610612737.0,ATL,running finger roll,,,Young,T. Young,,,,,Restricted Area,0-8 Center,1.9,Made,,,,,,,9.0,,,,,,,,,,,,0022200604
289,PT02M06.00S,2023-01-09T02:56:41.9Z,2,REGULAR,foul,personal,['2freethrow'],1630168,,,1610612746,41,57,2023-01-09T02:57:08Z,2840000,False,,,0,,O. Okongwu shooting personal FOUL (2 PF) (Leonard 2 FT),"[1630168, 202695]",1610612737.0,ATL,shooting,,,Okongwu,O. Okongwu,,,,,In The Paint (Non-RA),0-8 Center,,,,,,,,,,,,,,,,2882.0,2.0,0.0,Leonard,202695.0,0022200604
291,PT02M06.00S,2023-01-09T02:57:08.7Z,2,REGULAR,freethrow,1 of 2,[],202695,,,1610612746,41,57,2023-01-09T02:57:08Z,2860000,False,,,0,,MISS K. Leonard Free Throw 1 of 2,[202695],1610612746.0,LAC,,,,Leonard,K. Leonard,,,,,,,,Missed,,,,,,,,,,,,,,,,,,,0022200604
292,PT02M06.00S,2023-01-09T02:57:08.7Z,2,REGULAR,rebound,offensive,"['deadball', 'team']",0,,,1610612746,41,57,2023-01-09T02:57:08Z,2870000,False,,,0,,TEAM offensive REBOUND,[],1610612746.0,LAC,,,,,,,,,,,,,,,,291.0,,,,,,,,,,,,,,,,0022200604
293,PT02M06.00S,2023-01-09T02:57:09.7Z,2,REGULAR,substitution,out,[],1629611,,,1610612746,41,57,2023-01-09T02:57:12Z,2880000,False,,,0,,SUB out: T. Mann,[1629611],1610612746.0,LAC,,,,Mann,T. Mann,,,,,,,,,,,,,,,,,,,,,,,,,,,0022200604
294,PT02M06.00S,2023-01-09T02:57:09.7Z,2,REGULAR,substitution,in,[],1626181,,,1610612746,41,57,2023-01-09T02:57:12Z,2890000,False,,,0,,SUB in: N. Powell,[1626181],1610612746.0,LAC,,,,Powell,N. Powell,,,,,,,,,,,,,,,,,,,,,,,,,,,0022200604
295,PT02M06.00S,2023-01-09T02:57:26.2Z,2,REGULAR,freethrow,2 of 2,[],202695,,,1610612746,42,57,2023-01-09T02:57:26Z,2900000,False,,,0,,K. Leonard Free Throw 2 of 2 (11 PTS),[202695],1610612746.0,LAC,,,,Leonard,K. Leonard,,,,,,,,Made,,,,,,,11.0,,,,,,,,,,,,0022200604
296,PT01M53.00S,2023-01-09T02:57:40.0Z,2,REGULAR,2pt,Jump Shot,[],1628381,21.337056504599218,49.26470588235294,1610612737,42,59,2023-01-09T02:57:47Z,2910000,False,4.0,148.0,1,left,J. Collins 14' turnaround Jump Shot (7 PTS) (T. Young 2 AST),"[1628381, 1629027]",1610612737.0,ATL,turnaround,,,Collins,J. Collins,,,,,Mid-Range,8-16 Center,14.81,Made,,,,,,,7.0,T. Young,1629027.0,2.0,,,,,,,,,0022200604
298,PT01M38.00S,2023-01-09T02:57:54.2Z,2,REGULAR,2pt,Jump Shot,[],202694,78.89290407358739,35.78431372549019,1610612746,42,59,2023-01-09T02:58:00Z,2930000,False,-71.0,146.0,1,right,MISS M. Morris Sr. 16' pullup Shot,[202694],1610612746.0,LAC,pullup,,,Morris Sr.,M. Morris Sr.,,,,,Mid-Range,16-24 Left Center,16.23,Missed,,,,,,,,,,,,,,,,,,,0022200604
299,PT01M32.00S,2023-01-09T02:58:00.2Z,2,REGULAR,rebound,offensive,[],1627826,,,1610612746,42,59,2023-01-09T02:58:00Z,2940000,False,,,0,,I. Zubac REBOUND (Off:6 Def:2),[1627826],1610612746.0,LAC,,,,Zubac,I. Zubac,,,,,Mid-Range,16-24 Left Center,,,,,298.0,8.0,2.0,6.0,,,,,,,,,,,,,0022200604
300,PT01M32.00S,2023-01-09T02:58:00.0Z,2,REGULAR,2pt,Layup,"['2ndchance', 'pointsinthepaint']",1627826,94.40999984741211,50.0,1610612746,44,59,2023-01-09T02:58:04Z,2950000,False,0.0,0.0,1,right,I. Zubac putback Layup (11 PTS),[1627826],1610612746.0,LAC,putback,,,Zubac,I. Zubac,,,,,Restricted Area,0-8 Center,0.0,Made,,,,,,,11.0,,,,,,,,,,,,0022200604
301,PT01M23.00S,2023-01-09T02:58:12.4Z,2,REGULAR,foul,personal,[],1627826,,,1610612737,44,59,2023-01-09T02:58:22Z,2960000,False,,,0,,I. Zubac personal FOUL (1 PF),"[1627826, 1628381]",1610612746.0,LAC,,,,Zubac,I. Zubac,,,,,In The Paint (Non-RA),8-16 Center,,,,,,,,,,,,,,,,203591.0,1.0,0.0,Collins,1628381.0,0022200604
303,PT01M23.00S,2023-01-09T02:58:17.6Z,2,REGULAR,substitution,out,[],201587,,,1610612737,44,59,2023-01-09T02:58:20Z,2980000,False,,,0,,SUB out: N. Batum,[201587],1610612746.0,LAC,,,,Batum,N. Batum,,,,,,,,,,,,,,,,,,,,,,,,,,,0022200604
304,PT01M23.00S,2023-01-09T02:58:17.6Z,2,REGULAR,substitution,in,[],202322,,,1610612737,44,59,2023-01-09T02:58:20Z,2990000,False,,,0,,SUB in: J. Wall,[202322],1610612746.0,LAC,,,,Wall,J. Wall,,,,,,,,,,,,,,,,,,,,,,,,,,,0022200604
305,PT01M16.00S,2023-01-09T02:58:36.4Z,2,REGULAR,2pt,Jump Shot,[],1628381,21.94480946123521,59.122242647058826,1610612737,44,59,2023-01-09T02:58:43Z,3000000,False,-46.0,154.0,1,left,MISS J. Collins 16' Jump Shot,[1628381],1610612737.0,ATL,,,,Collins,J. Collins,,,,,Mid-Range,8-16 Center,16.04,Missed,,,,,,,,,,,,,,,,,,,0022200604
306,PT01M13.00S,2023-01-09T02:58:39.4Z,2,REGULAR,rebound,defensive,[],1627826,,,1610612746,44,59,2023-01-09T02:58:43Z,3010000,False,,,0,,I. Zubac REBOUND (Off:6 Def:3),[1627826],1610612746.0,LAC,,,,Zubac,I. Zubac,,,,,Mid-Range,8-16 Center,,,,,305.0,9.0,3.0,6.0,,,,,,,,,,,,,0022200604
307,PT01M09.00S,2023-01-09T02:58:43.0Z,2,REGULAR,3pt,Jump Shot,['fastbreak'],202695,68.9060446780552,66.42156862745098,1610612746,47,59,2023-01-09T02:58:57Z,3020000,False,82.0,240.0,1,right,K. Leonard 25' 3PT running pullup (14 PTS),[202695],1610612746.0,LAC,running pullup,,,Leonard,K. Leonard,,,,,Above the Break 3,24+ Right Center,25.35,Made,,,,,,,14.0,,,,,,,,,,,,0022200604
308,PT00M53.70S,2023-01-09T02:59:00.1Z,2,REGULAR,3pt,Jump Shot,[],1628381,27.513140604467807,20.34313725490196,1610612737,47,59,2023-01-09T02:59:04Z,3030000,False,148.0,206.0,1,left,MISS J. Collins 25' 3PT,[1628381],1610612737.0,ATL,,,,Collins,J. Collins,,,,,Above the Break 3,24+ Right Center,25.39,Missed,,,,,,,,,,,,,,,,,,,0022200604
309,PT00M50.40S,2023-01-09T02:59:03.4Z,2,REGULAR,rebound,defensive,[],202695,,,1610612746,47,59,2023-01-09T02:59:04Z,3040000,False,,,0,,K. Leonard REBOUND (Off:1 Def:2),[202695],1610612746.0,LAC,,,,Leonard,K. Leonard,,,,,Above the Break 3,24+ Right Center,,,,,308.0,3.0,2.0,1.0,,,,,,,,,,,,,0022200604
310,PT00M36.20S,2023-01-09T02:59:20.2Z,2,REGULAR,foul,personal,['2freethrow'],1630168,,,1610612746,47,59,2023-01-09T02:59:25Z,3050000,False,,,0,,O. Okongwu shooting personal FOUL (3 PF) (Powell 2 FT),"[1630168, 1626181]",1610612737.0,ATL,shooting,,,Okongwu,O. Okongwu,,,,,Restricted Area,0-8 Center,,,,,,,,,,,,,,,,203591.0,3.0,0.0,Powell,1626181.0,0022200604
312,PT00M36.20S,2023-01-09T02:59:48.9Z,2,REGULAR,freethrow,1 of 2,[],1626181,,,1610612746,48,59,2023-01-09T02:59:48Z,3070000,False,,,0,,N. Powell Free Throw 1 of 2 (6 PTS),[1626181],1610612746.0,LAC,,,,Powell,N. Powell,,,,,,,,Made,,,,,,,6.0,,,,,,,,,,,,0022200604
313,PT00M36.20S,2023-01-09T02:59:49.7Z,2,REGULAR,substitution,out,[],1630168,,,1610612746,48,59,2023-01-09T02:59:54Z,3080000,False,,,0,,SUB out: O. Okongwu,[1630168],1610612737.0,ATL,,,,Okongwu,O. Okongwu,,,,,,,,,,,,,,,,,,,,,,,,,,,0022200604
314,PT00M36.20S,2023-01-09T02:59:49.7Z,2,REGULAR,substitution,in,[],203992,,,1610612746,48,59,2023-01-09T02:59:54Z,3090000,False,,,0,,SUB in: B. Bogdanovic,[203992],1610612737.0,ATL,,,,Bogdanovic,B. Bogdanovic,,,,,,,,,,,,,,,,,,,,,,,,,,,0022200604
315,PT00M36.20S,2023-01-09T02:59:58.4Z,2,REGULAR,substitution,out,[],1627826,,,1610612746,48,59,2023-01-09T03:00:01Z,3100000,False,,,0,,SUB out: I. Zubac,[1627826],1610612746.0,LAC,,,,Zubac,I. Zubac,,,,,,,,,,,,,,,,,,,,,,,,,,,0022200604
316,PT00M36.20S,2023-01-09T02:59:58.4Z,2,REGULAR,substitution,in,[],1629611,,,1610612746,48,59,2023-01-09T03:00:01Z,3110000,False,,,0,,SUB in: T. Mann,[1629611],1610612746.0,LAC,,,,Mann,T. Mann,,,,,,,,,,,,,,,,,,,,,,,,,,,0022200604
317,PT00M36.20S,2023-01-09T03:00:17.2Z,2,REGULAR,freethrow,2 of 2,[],1626181,,,1610612746,49,59,2023-01-09T03:00:17Z,3120000,False,,,0,,N. Powell Free Throw 2 of 2 (7 PTS),[1626181],1610612746.0,LAC,,,,Powell,N. Powell,,,,,,,,Made,,,,,,,7.0,,,,,,,,,,,,0022200604
318,PT00M31.50S,2023-01-09T03:00:24.9Z,2,REGULAR,3pt,Jump Shot,[],1629027,30.929697766097235,70.09803921568627,1610612737,49,62,2023-01-09T03:01:57Z,3130000,False,-100.0,238.0,1,left,T. Young 25' 3PT pullup (12 PTS),[1629027],1610612737.0,ATL,pullup,,,Young,T. Young,,,,,Above the Break 3,24+ Left Center,25.85,Made,,,,,,,12.0,,,,,,,,,,,,0022200604
319,PT00M25.40S,2023-01-09T03:00:35.6Z,2,REGULAR,3pt,Jump Shot,[],1626181,84.28055190538765,96.81372549019608,1610612746,52,62,2023-01-09T03:00:40Z,3140000,False,234.0,95.0,1,right,N. Powell 25' 3PT  (10 PTS) (K. Leonard 3 AST),"[1626181, 202695]",1610612746.0,LAC,,,,Powell,N. Powell,,,,,Above the Break 3,24+ Right Center,25.28,Made,,,,,,,10.0,K. Leonard,202695.0,3.0,,,,,,,,,0022200604
321,PT00M08.40S,2023-01-09T03:00:59.3Z,2,REGULAR,2pt,DUNK,['pointsinthepaint'],1628381,7.013797634691201,53.67647058823529,1610612737,52,64,2023-01-09T03:01:03Z,3160000,False,-18.0,13.0,1,left,J. Collins alley-oop DUNK (9 PTS) (T. Young 3 AST),"[1628381, 1629027]",1610612737.0,ATL,alley-oop,,,Collins,J. Collins,,,,,Restricted Area,0-8 Center,2.28,Made,,,,,,,9.0,T. Young,1629027.0,3.0,,,,,,,,,0022200604
323,PT00M07.10S,2023-01-09T03:01:04.4Z,2,REGULAR,turnover,bad pass,[],202322,,,1610612746,52,64,2023-01-09T03:01:09Z,3180000,False,,,0,,J. Wall bad pass TURNOVER (2 TO),"[202322, 1629631]",1610612746.0,LAC,,,,Wall,J. Wall,,,,,Mid-Range,16-24 Left Center,,,,,,,,,,,,,2.0,Hunter,1629631.0,,,,,,0022200604
324,PT00M07.10S,2023-01-09T03:01:04.4Z,2,REGULAR,steal,,[],1629631,,,1610612737,52,64,2023-01-09T03:01:07Z,3190000,False,,,0,,D. Hunter STEAL (1 STL),[1629631],1610612737.0,ATL,,,,Hunter,D. Hunter,,,,,Mid-Range,16-24 Left Center,,,,,,,,,,,,,,,,,,,,,0022200604
325,PT00M05.40S,2023-01-09T03:01:08.2Z,2,REGULAR,2pt,DUNK,"['pointsinthepaint', 'fromturnover']",1629631,7.539421813403408,49.26470588235294,1610612737,52,66,2023-01-09T03:03:06Z,3200000,False,4.0,18.0,1,left,D. Hunter DUNK (11 PTS),[1629631],1610612737.0,ATL,,,,Hunter,D. Hunter,,,,,Restricted Area,0-8 Center,1.88,Made,,,,,,,11.0,,,,,,,,,,,,0022200604
326,PT00M01.10S,2023-01-09T03:01:12.5Z,2,REGULAR,3pt,Jump Shot,[],202694,72.05978975032852,25.0,1610612746,52,66,2023-01-09T03:01:20Z,3210000,False,-125.0,210.0,1,right,MISS M. Morris Sr. 24' 3PT,[202694],1610612746.0,LAC,,,,Morris Sr.,M. Morris Sr.,,,,,Above the Break 3,24+ Left Center,24.45,Missed,,,,,,,,,,,,,,,,,,,0022200604
327,PT00M01.10S,2023-01-09T03:01:12.5Z,2,REGULAR,rebound,defensive,[],1628381,,,1610612737,52,66,2023-01-09T03:01:20Z,3220000,False,,,0,,J. Collins REBOUND (Off:0 Def:4),[1628381],1610612737.0,ATL,,,,Collins,J. Collins,,,,,Above the Break 3,24+ Left Center,,,,,326.0,4.0,4.0,0.0,,,,,,,,,,,,,0022200604
328,PT00M00.00S,2023-01-09T03:01:22.9Z,2,REGULAR,period,end,[],0,,,1610612737,52,66,2023-01-09T03:01:22Z,3230000,False,,,0,,Period End,[],,,,,,,,,,,,,,,,,,,,,,,,,,,,,,,,,,0022200604
330,PT12M00.00S,2023-01-09T03:16:12.1Z,3,REGULAR,substitution,out,['startperiod'],202322,,,1610612737,52,66,2023-01-09T03:16:54Z,3240000,False,,,0,,SUB out: J. Wall,[202322],1610612746.0,LAC,,,,Wall,J. Wall,,,,,,,,,,,,,,,,,,,,,,,,,,,0022200604
331,PT12M00.00S,2023-01-09T03:16:12.1Z,3,REGULAR,substitution,out,['startperiod'],1626181,,,1610612737,52,66,2023-01-09T03:16:54Z,3250000,False,,,0,,SUB out: N. Powell,[1626181],1610612746.0,LAC,,,,Powell,N. Powell,,,,,,,,,,,,,,,,,,,,,,,,,,,0022200604
332,PT12M00.00S,2023-01-09T03:16:12.1Z,3,REGULAR,substitution,out,['startperiod'],203992,,,1610612737,52,66,2023-01-09T03:16:54Z,3260000,False,,,0,,SUB out: B. Bogdanovic,[203992],1610612737.0,ATL,,,,Bogdanovic,B. Bogdanovic,,,,,,,,,,,,,,,,,,,,,,,,,,,0022200604
333,PT12M00.00S,2023-01-09T03:16:12.1Z,3,REGULAR,substitution,in,['startperiod'],201587,,,1610612737,52,66,2023-01-09T03:16:54Z,3270000,False,,,0,,SUB in: N. Batum,[201587],1610612746.0,LAC,,,,Batum,N. Batum,,,,,,,,,,,,,,,,,,,,,,,,,,,0022200604
334,PT12M00.00S,2023-01-09T03:16:12.1Z,3,REGULAR,substitution,in,['startperiod'],1627826,,,1610612737,52,66,2023-01-09T03:16:54Z,3280000,False,,,0,,SUB in: I. Zubac,[1627826],1610612746.0,LAC,,,,Zubac,I. Zubac,,,,,,,,,,,,,,,,,,,,,,,,,,,0022200604
335,PT12M00.00S,2023-01-09T03:16:12.1Z,3,REGULAR,substitution,in,['startperiod'],1630168,,,1610612737,52,66,2023-01-09T03:16:54Z,3290000,False,,,0,,SUB in: O. Okongwu,[1630168],1610612737.0,ATL,,,,Okongwu,O. Okongwu,,,,,,,,,,,,,,,,,,,,,,,,,,,0022200604
336,PT12M00.00S,2023-01-09T03:16:47.6Z,3,REGULAR,period,start,[],0,,,1610612737,52,66,2023-01-09T03:16:54Z,3300000,False,,,0,,Period Start,[],,,,,,,,,,,,,,,,,,,,,,,,,,,,,,,,,,0022200604
337,PT11M48.00S,2023-01-09T03:16:58.1Z,3,REGULAR,2pt,Layup,['pointsinthepaint'],1627749,93.47897503285151,50.98039215686275,1610612737,52,66,2023-01-09T03:18:33Z,3310000,False,5.0,9.0,1,right,MISS D. Murray driving Layup,[1627749],1610612737.0,ATL,driving,,,Murray,D. Murray,,,,,Restricted Area,0-8 Center,1.01,Missed,,,,,,,,,,,,,,,,,,,0022200604
338,PT11M46.00S,2023-01-09T03:17:00.1Z,3,REGULAR,rebound,defensive,[],1629611,,,1610612746,52,66,2023-01-09T03:17:04Z,3320000,False,,,0,,T. Mann REBOUND (Off:3 Def:1),[1629611],1610612746.0,LAC,,,,Mann,T. Mann,,,,,Restricted Area,0-8 Center,,,,,337.0,4.0,1.0,3.0,,,,,,,,,,,,,0022200604
339,PT11M43.00S,2023-01-09T03:17:03.4Z,3,REGULAR,2pt,Layup,"['pointsinthepaint', 'fastbreak']",1629611,6.750985545335084,49.01960784313726,1610612746,54,66,2023-01-09T03:17:16Z,3330000,False,5.0,11.0,1,left,T. Mann running Layup (9 PTS),[1629611],1610612746.0,LAC,running,,,Mann,T. Mann,,,,,Restricted Area,0-8 Center,1.2,Made,,,,,,,9.0,,,,,,,,,,,,0022200604
340,PT11M30.00S,2023-01-09T03:17:17.7Z,3,REGULAR,foul,personal,['2freethrow'],1627826,,,1610612737,54,66,2023-01-09T03:17:25Z,3340000,False,,,0,,I. Zubac shooting personal FOUL (2 PF) (Hunter 2 FT),"[1627826, 1629631]",1610612746.0,LAC,shooting,,,Zubac,I. Zubac,,,,,Restricted Area,0-8 Center,,,,,,,,,,,,,,,,203591.0,2.0,0.0,Hunter,1629631.0,0022200604
342,PT11M30.00S,2023-01-09T03:17:48.0Z,3,REGULAR,freethrow,1 of 2,[],1629631,,,1610612737,54,67,2023-01-09T03:17:48Z,3360000,False,,,0,,D. Hunter Free Throw 1 of 2 (12 PTS),[1629631],1610612737.0,ATL,,,,Hunter,D. Hunter,,,,,,,,Made,,,,,,,12.0,,,,,,,,,,,,0022200604
343,PT11M30.00S,2023-01-09T03:17:58.7Z,3,REGULAR,freethrow,2 of 2,[],1629631,,,1610612737,54,68,2023-01-09T03:17:58Z,3370000,False,,,0,,D. Hunter Free Throw 2 of 2 (13 PTS),[1629631],1610612737.0,ATL,,,,Hunter,D. Hunter,,,,,,,,Made,,,,,,,13.0,,,,,,,,,,,,0022200604
344,PT11M15.00S,2023-01-09T03:18:13.7Z,3,REGULAR,2pt,Jump Shot,[],202695,10.118265440210251,74.73192401960785,1610612746,56,68,2023-01-09T03:18:20Z,3380000,False,-124.0,43.0,1,left,K. Leonard 13' turnaround fadeaway Jump Shot (16 PTS) (N. Batum 3 AST),"[202695, 201587]",1610612746.0,LAC,turnaround fadeaway,,,Leonard,K. Leonard,,,,,Mid-Range,8-16 Left,13.08,Made,,,,,,,16.0,N. Batum,201587.0,3.0,,,,,,,,,0022200604
346,PT10M54.00S,2023-01-09T03:18:35.1Z,3,REGULAR,2pt,Jump Shot,['pointsinthepaint'],1627749,86.33377135348226,39.43780637254902,1610612737,56,70,2023-01-09T03:18:42Z,3400000,False,-53.0,76.0,1,right,D. Murray 9' pullup Jump Shot (10 PTS),[1627749],1610612737.0,ATL,pullup,,,Murray,D. Murray,,,,,In The Paint (Non-RA),8-16 Left,9.25,Made,,,,,,,10.0,,,,,,,,,,,,0022200604
347,PT10M42.00S,2023-01-09T03:18:50.5Z,3,REGULAR,foul,personal,['2freethrow'],1628381,,,1610612746,56,70,2023-01-09T03:18:55Z,3410000,False,,,0,,J. Collins shooting personal FOUL (3 PF) (Zubac 2 FT),"[1628381, 1627826]",1610612737.0,ATL,shooting,,,Collins,J. Collins,,,,,Restricted Area,0-8 Center,,,,,,,,,,,,,,,,203591.0,3.0,0.0,Zubac,1627826.0,0022200604
349,PT10M42.00S,2023-01-09T03:19:17.0Z,3,REGULAR,freethrow,1 of 2,[],1627826,,,1610612746,57,70,2023-01-09T03:19:17Z,3430000,False,,,0,,I. Zubac Free Throw 1 of 2 (12 PTS),[1627826],1610612746.0,LAC,,,,Zubac,I. Zubac,,,,,,,,Made,,,,,,,12.0,,,,,,,,,,,,0022200604
350,PT10M42.00S,2023-01-09T03:19:34.1Z,3,REGULAR,freethrow,2 of 2,[],1627826,,,1610612746,58,70,2023-01-09T03:19:34Z,3440000,False,,,0,,I. Zubac Free Throw 2 of 2 (13 PTS),[1627826],1610612746.0,LAC,,,,Zubac,I. Zubac,,,,,,,,Made,,,,,,,13.0,,,,,,,,,,,,0022200604
351,PT10M30.00S,2023-01-09T03:19:48.8Z,3,REGULAR,2pt,Jump Shot,[],1627749,78.23587385019711,55.88235294117647,1610612737,58,70,2023-01-09T03:19:53Z,3450000,False,29.0,152.0,1,right,MISS D. Murray 15' pullup Shot,[1627749],1610612737.0,ATL,pullup,,,Murray,D. Murray,,,,,Mid-Range,8-16 Center,15.49,Missed,,,,,,,,,,,,,,,,,,,0022200604
352,PT10M26.00S,2023-01-09T03:19:52.8Z,3,REGULAR,rebound,defensive,[],1627826,,,1610612746,58,70,2023-01-09T03:19:53Z,3460000,False,,,0,,I. Zubac REBOUND (Off:6 Def:4),[1627826],1610612746.0,LAC,,,,Zubac,I. Zubac,,,,,Mid-Range,8-16 Center,,,,,351.0,10.0,4.0,6.0,,,,,,,,,,,,,0022200604
353,PT10M12.00S,2023-01-09T03:20:05.5Z,3,REGULAR,2pt,Jump Shot,['pointsinthepaint'],202694,13.534822601839679,56.939338235294116,1610612746,60,70,2023-01-09T03:20:12Z,3470000,False,-35.0,75.0,1,left,M. Morris Sr. 8' turnaround Jump Shot (4 PTS) (I. Zubac 2 AST),"[202694, 1627826]",1610612746.0,LAC,turnaround,,,Morris Sr.,M. Morris Sr.,,,,,In The Paint (Non-RA),8-16 Center,8.24,Made,,,,,,,4.0,I. Zubac,1627826.0,2.0,,,,,,,,,0022200604
355,PT09M57.00S,2023-01-09T03:20:22.1Z,3,REGULAR,turnover,lost ball,[],1627749,,,1610612737,60,70,2023-01-09T03:20:25Z,3490000,False,,,0,,D. Murray lost ball TURNOVER (2 TO),"[1627749, 202695]",1610612737.0,ATL,,,,Murray,D. Murray,,,,,In The Paint (Non-RA),8-16 Left,,,,,,,,,,,,,2.0,Leonard,202695.0,,,,,,0022200604
356,PT09M57.00S,2023-01-09T03:20:22.1Z,3,REGULAR,steal,,[],202695,,,1610612746,60,70,2023-01-09T03:20:24Z,3500000,False,,,0,,K. Leonard STEAL (2 STL),[202695],1610612746.0,LAC,,,,Leonard,K. Leonard,,,,,In The Paint (Non-RA),8-16 Left,,,,,,,,,,,,,,,,,,,,,0022200604
357,PT09M51.00S,2023-01-09T03:20:27.6Z,3,REGULAR,2pt,Layup,"['fastbreak', 'pointsinthepaint', 'fromturnover']",202695,7.145203679369246,46.568627450980394,1610612746,60,70,2023-01-09T03:20:35Z,3510000,False,17.0,15.0,1,left,MISS K. Leonard running Layup,[202695],1610612746.0,LAC,running,,,Leonard,K. Leonard,,,,,Restricted Area,0-8 Center,2.26,Missed,,,,,,,,,,,,,,,,,,,0022200604
358,PT09M47.00S,2023-01-09T03:20:31.6Z,3,REGULAR,rebound,offensive,[],1627826,,,1610612746,60,70,2023-01-09T03:20:59Z,3520000,False,,,0,,I. Zubac REBOUND (Off:7 Def:4),[1627826],1610612746.0,LAC,,,,Zubac,I. Zubac,,,,,Restricted Area,0-8 Center,,,,,357.0,11.0,4.0,7.0,,,,,,,,,,,,,0022200604
359,PT09M47.00S,2023-01-09T03:20:30.3Z,3,REGULAR,2pt,Layup,"['2ndchance', 'fastbreak', 'pointsinthepaint', 'fromturnover']",1627826,5.590000152587891,50.0,1610612746,62,70,2023-01-09T03:21:07Z,3530000,False,0.0,0.0,1,left,I. Zubac putback Layup (15 PTS),[1627826],1610612746.0,LAC,putback,,,Zubac,I. Zubac,,,,,Restricted Area,0-8 Center,0.0,Made,,,,,,,15.0,,,,,,,,,,,,0022200604
360,PT09M34.00S,2023-01-09T03:20:44.1Z,3,REGULAR,2pt,Layup,['pointsinthepaint'],1630168,93.74178712220763,53.18627450980392,1610612737,62,70,2023-01-09T03:21:12Z,3540000,False,16.0,6.0,1,right,MISS O. Okongwu cutting Layup,[1630168],1610612737.0,ATL,cutting,,,Okongwu,O. Okongwu,,,,,Restricted Area,0-8 Center,1.71,Missed,,,,,,,,,,,,,,,,,,,0022200604
361,PT09M32.00S,2023-01-09T03:20:46.1Z,3,REGULAR,rebound,defensive,[],1627826,,,1610612746,62,70,2023-01-09T03:20:51Z,3550000,False,,,0,,I. Zubac REBOUND (Off:7 Def:5),[1627826],1610612746.0,LAC,,,,Zubac,I. Zubac,,,,,Restricted Area,0-8 Center,,,,,360.0,12.0,5.0,7.0,,,,,,,,,,,,,0022200604
362,PT09M25.00S,2023-01-09T03:20:52.6Z,3,REGULAR,2pt,Jump Shot,[],202695,24.885019710906704,60.294117647058826,1610612746,62,70,2023-01-09T03:22:29Z,3560000,False,-51.0,181.0,1,left,MISS K. Leonard 18' pullup Shot,[202695],1610612746.0,LAC,pullup,,,Leonard,K. Leonard,,,,,Mid-Range,16-24 Center,18.86,Missed,,,,,,,,,,,,,,,,,,,0022200604
363,PT09M21.00S,2023-01-09T03:20:56.6Z,3,REGULAR,rebound,defensive,[],1630168,,,1610612737,62,70,2023-01-09T03:21:02Z,3570000,False,,,0,,O. Okongwu REBOUND (Off:1 Def:4),[1630168],1610612737.0,ATL,,,,Okongwu,O. Okongwu,,,,,Mid-Range,16-24 Center,,,,,362.0,5.0,4.0,1.0,,,,,,,,,,,,,0022200604
364,PT09M18.00S,2023-01-09T03:21:02.4Z,3,REGULAR,2pt,Layup,"['pointsinthepaint', 'fastbreak']",1629631,93.74178712220763,53.67647058823529,1610612737,62,72,2023-01-09T03:21:36Z,3580000,False,18.0,6.0,1,right,D. Hunter running finger roll Layup (15 PTS) (O. Okongwu 1 AST),"[1629631, 1630168]",1610612737.0,ATL,running finger roll,,,Hunter,D. Hunter,,,,,Restricted Area,0-8 Center,1.94,Made,,,,,,,15.0,O. Okongwu,1630168.0,1.0,,,,,,,,,0022200604
365,PT09M18.00S,2023-01-09T03:21:06.0Z,3,REGULAR,foul,personal,['1freethrow'],1627826,,,1610612737,62,72,2023-01-09T03:21:11Z,3590000,False,,,0,,I. Zubac shooting personal FOUL (3 PF) (Hunter 1 FT),"[1627826, 1629631]",1610612746.0,LAC,shooting,,,Zubac,I. Zubac,,,,,Restricted Area,0-8 Center,,,,,,,,,,,,,,,,203591.0,3.0,0.0,Hunter,1629631.0,0022200604
367,PT09M18.00S,2023-01-09T03:21:33.0Z,3,REGULAR,freethrow,1 of 1,[],1629631,,,1610612737,62,73,2023-01-09T03:21:33Z,3610000,False,,,0,,D. Hunter Free Throw 1 of 1 (16 PTS),[1629631],1610612737.0,ATL,,,,Hunter,D. Hunter,,,,,,,,Made,,,,,,,16.0,,,,,,,,,,,,0022200604
369,PT08M59.00S,2023-01-09T03:21:54.8Z,3,REGULAR,turnover,bad pass,[],202694,,,1610612746,62,73,2023-01-09T03:21:59Z,3620000,False,,,0,,M. Morris Sr. bad pass TURNOVER (1 TO),"[202694, 1629027]",1610612746.0,LAC,,,,Morris Sr.,M. Morris Sr.,,,,,Above the Break 3,24+ Left Center,,,,,,,,,,,,,1.0,Young,1629027.0,,,,,,0022200604
370,PT08M59.00S,2023-01-09T03:21:54.8Z,3,REGULAR,steal,,[],1629027,,,1610612737,62,73,2023-01-09T03:21:56Z,3630000,False,,,0,,T. Young STEAL (1 STL),[1629027],1610612737.0,ATL,,,,Young,T. Young,,,,,Above the Break 3,24+ Left Center,,,,,,,,,,,,,,,,,,,,,0022200604
371,PT08M55.00S,2023-01-09T03:21:58.6Z,3,REGULAR,2pt,Layup,"['pointsinthepaint', 'fromturnover', 'fastbreak']",1629027,93.34756898817345,45.34313725490197,1610612737,62,73,2023-01-09T03:22:03Z,3640000,False,-23.0,10.0,1,right,MISS T. Young running Layup,[1629027],1610612737.0,ATL,running,,,Young,T. Young,,,,,Restricted Area,0-8 Center,2.54,Missed,,,,,,,,,,,,,,,,,,,0022200604
372,PT08M53.00S,2023-01-09T03:22:00.6Z,3,REGULAR,rebound,defensive,[],202694,,,1610612746,62,73,2023-01-09T03:22:03Z,3650000,False,,,0,,M. Morris Sr. REBOUND (Off:0 Def:3),[202694],1610612746.0,LAC,,,,Morris Sr.,M. Morris Sr.,,,,,Restricted Area,0-8 Center,,,,,371.0,3.0,3.0,0.0,,,,,,,,,,,,,0022200604
373,PT08M46.00S,2023-01-09T03:22:07.1Z,3,REGULAR,2pt,Jump Shot,[],202695,9.510512483574246,92.40196078431373,1610612746,62,73,2023-01-09T03:24:51Z,3660000,False,-212.0,37.0,1,left,MISS K. Leonard 21' Jump Shot,[202695],1610612746.0,LAC,,,,Leonard,K. Leonard,,,,,Mid-Range,16-24 Left,21.52,Missed,,,,,,,,,,,,,,,,,,,0022200604
374,PT08M43.00S,2023-01-09T03:22:10.1Z,3,REGULAR,rebound,defensive,[],1628381,,,1610612737,62,73,2023-01-09T03:22:18Z,3670000,False,,,0,,J. Collins REBOUND (Off:0 Def:5),[1628381],1610612737.0,ATL,,,,Collins,J. Collins,,,,,Mid-Range,16-24 Left,,,,,373.0,5.0,5.0,0.0,,,,,,,,,,,,,0022200604
375,PT08M37.00S,2023-01-09T03:22:19.4Z,3,REGULAR,foul,personal,['2freethrow'],202695,,,1610612737,62,73,2023-01-09T03:22:24Z,3680000,False,,,0,,K. Leonard shooting personal FOUL (1 PF) (Young 2 FT),"[202695, 1629027]",1610612746.0,LAC,shooting,,,Leonard,K. Leonard,,,,,In The Paint (Non-RA),8-16 Center,,,,,,,,,,,,,,,,2882.0,1.0,0.0,Young,1629027.0,0022200604
377,PT08M37.00S,2023-01-09T03:22:39.7Z,3,REGULAR,freethrow,1 of 2,[],1629027,,,1610612737,62,74,2023-01-09T03:22:39Z,3700000,False,,,0,,T. Young Free Throw 1 of 2 (13 PTS),[1629027],1610612737.0,ATL,,,,Young,T. Young,,,,,,,,Made,,,,,,,13.0,,,,,,,,,,,,0022200604
378,PT08M37.00S,2023-01-09T03:22:55.5Z,3,REGULAR,freethrow,2 of 2,[],1629027,,,1610612737,62,75,2023-01-09T03:22:55Z,3710000,False,,,0,,T. Young Free Throw 2 of 2 (14 PTS),[1629027],1610612737.0,ATL,,,,Young,T. Young,,,,,,,,Made,,,,,,,14.0,,,,,,,,,,,,0022200604
379,PT08M27.00S,2023-01-09T03:23:07.4Z,3,REGULAR,2pt,Jump Shot,[],202694,21.862680683311424,36.51960784313726,1610612746,62,75,2023-01-09T03:23:11Z,3720000,False,67.0,153.0,1,left,MISS M. Morris Sr. 16' pullup Shot,[202694],1610612746.0,LAC,pullup,,,Morris Sr.,M. Morris Sr.,,,,,Mid-Range,16-24 Right Center,16.72,Missed,,,,,,,,,,,,,,,,,,,0022200604
380,PT08M24.00S,2023-01-09T03:23:10.7Z,3,REGULAR,rebound,offensive,[],1629611,,,1610612746,62,75,2023-01-09T03:23:10Z,3730000,False,,,0,,T. Mann REBOUND (Off:4 Def:1),[1629611],1610612746.0,LAC,,,,Mann,T. Mann,,,,,Mid-Range,16-24 Right Center,,,,,379.0,5.0,1.0,4.0,,,,,,,,,,,,,0022200604
381,PT08M23.00S,2023-01-09T03:23:12.1Z,3,REGULAR,3pt,Jump Shot,['2ndchance'],201587,5.042706964520377,4.901960784313729,1610612746,62,75,2023-01-09T03:23:16Z,3740000,False,225.0,-5.0,1,left,MISS N. Batum 3PT,[201587],1610612746.0,LAC,,,,Batum,N. Batum,,,,,Right Corner 3,24+ Right,22.56,Missed,,,,,,,,,,,,,,,,,,,0022200604
382,PT08M20.00S,2023-01-09T03:23:15.1Z,3,REGULAR,rebound,offensive,[],202695,,,1610612746,62,75,2023-01-09T03:23:16Z,3750000,False,,,0,,K. Leonard REBOUND (Off:2 Def:2),[202695],1610612746.0,LAC,,,,Leonard,K. Leonard,,,,,Right Corner 3,24+ Right,,,,,381.0,4.0,2.0,2.0,,,,,,,,,,,,,0022200604
383,PT08M19.00S,2023-01-09T03:23:16.3Z,3,REGULAR,3pt,Jump Shot,['2ndchance'],202694,31.980946123521676,32.84313725490196,1610612746,65,75,2023-01-09T03:23:20Z,3760000,False,86.0,248.0,1,left,M. Morris Sr. 26' 3PT  (7 PTS) (K. Leonard 4 AST),"[202694, 202695]",1610612746.0,LAC,,,,Morris Sr.,M. Morris Sr.,,,,,Above the Break 3,24+ Right Center,26.25,Made,,,,,,,7.0,K. Leonard,202695.0,4.0,,,,,,,,,0022200604
385,PT07M57.00S,2023-01-09T03:23:37.2Z,3,REGULAR,2pt,Jump Shot,[],1627749,78.84362680683311,47.602634803921575,1610612737,65,77,2023-01-09T03:23:44Z,3780000,False,-12.0,146.0,1,right,D. Murray 14' pullup Jump Shot (12 PTS),[1627749],1610612737.0,ATL,pullup,,,Murray,D. Murray,,,,,Mid-Range,8-16 Center,14.69,Made,,,,,,,12.0,,,,,,,,,,,,0022200604
386,PT07M50.00S,2023-01-09T03:23:46.8Z,3,REGULAR,foul,personal,[],1629027,,,1610612746,65,77,2023-01-09T03:23:55Z,3790000,False,,,0,,T. Young personal FOUL (1 PF),"[1629027, 202695]",1610612737.0,ATL,,,,Young,T. Young,,,,,In The Paint (Non-RA),8-16 Right,,,,,,,,,,,,,,,,1627529.0,1.0,0.0,Leonard,202695.0,0022200604
388,PT07M44.00S,2023-01-09T03:24:13.8Z,3,REGULAR,3pt,Jump Shot,[],201587,30.009855453350852,69.6078431372549,1610612746,65,77,2023-01-09T03:24:19Z,3810000,False,-98.0,230.0,1,left,MISS N. Batum 24' 3PT,[201587],1610612746.0,LAC,,,,Batum,N. Batum,,,,,Above the Break 3,24+ Left Center,24.96,Missed,,,,,,,,,,,,,,,,,,,0022200604
389,PT07M40.00S,2023-01-09T03:24:17.7Z,3,REGULAR,rebound,offensive,[],1629611,,,1610612746,65,77,2023-01-09T03:24:17Z,3820000,False,,,0,,T. Mann REBOUND (Off:5 Def:1),[1629611],1610612746.0,LAC,,,,Mann,T. Mann,,,,,Above the Break 3,24+ Left Center,,,,,388.0,6.0,1.0,5.0,,,,,,,,,,,,,0022200604
390,PT07M39.00S,2023-01-09T03:24:18.8Z,3,REGULAR,3pt,Jump Shot,['2ndchance'],202694,29.09001314060447,24.75490196078431,1610612746,68,77,2023-01-09T03:24:22Z,3830000,False,126.0,221.0,1,left,M. Morris Sr. 25' 3PT  (10 PTS) (T. Mann 4 AST),"[202694, 1629611]",1610612746.0,LAC,,,,Morris Sr.,M. Morris Sr.,,,,,Above the Break 3,24+ Right Center,25.44,Made,,,,,,,10.0,T. Mann,1629611.0,4.0,,,,,,,,,0022200604
392,PT07M25.00S,2023-01-09T03:24:32.9Z,3,REGULAR,turnover,bad pass,[],1629027,,,1610612737,68,77,2023-01-09T03:24:38Z,3850000,False,,,0,,T. Young bad pass TURNOVER (2 TO),"[1629027, 202694]",1610612737.0,ATL,,,,Young,T. Young,,,,,Restricted Area,0-8 Center,,,,,,,,,,,,,2.0,Morris Sr.,202694.0,,,,,,0022200604
393,PT07M25.00S,2023-01-09T03:24:32.9Z,3,REGULAR,steal,,[],202694,,,1610612746,68,77,2023-01-09T03:24:37Z,3860000,False,,,0,,M. Morris Sr. STEAL (1 STL),[202694],1610612746.0,LAC,,,,Morris Sr.,M. Morris Sr.,,,,,Restricted Area,0-8 Center,,,,,,,,,,,,,,,,,,,,,0022200604
394,PT07M21.00S,2023-01-09T03:24:39.1Z,3,REGULAR,foul,personal,['2freethrow'],1629027,,,1610612746,68,77,2023-01-09T03:24:53Z,3870000,False,,,0,,T. Young shooting personal FOUL (2 PF) (Leonard 2 FT),"[1629027, 202695]",1610612737.0,ATL,shooting,,,Young,T. Young,,,,,Restricted Area,0-8 Center,,,,,,,,,,,,,,,,2882.0,2.0,0.0,Leonard,202695.0,0022200604
396,PT07M21.00S,2023-01-09T03:25:12.8Z,3,REGULAR,freethrow,1 of 2,['fromturnover'],202695,,,1610612746,69,77,2023-01-09T03:25:12Z,3890000,False,,,0,,K. Leonard Free Throw 1 of 2 (17 PTS),[202695],1610612746.0,LAC,,,,Leonard,K. Leonard,,,,,,,,Made,,,,,,,17.0,,,,,,,,,,,,0022200604
397,PT07M21.00S,2023-01-09T03:25:30.1Z,3,REGULAR,freethrow,2 of 2,['fromturnover'],202695,,,1610612746,70,77,2023-01-09T03:25:30Z,3900000,False,,,0,,K. Leonard Free Throw 2 of 2 (18 PTS),[202695],1610612746.0,LAC,,,,Leonard,K. Leonard,,,,,,,,Made,,,,,,,18.0,,,,,,,,,,,,0022200604
398,PT06M59.00S,2023-01-09T03:25:53.3Z,3,REGULAR,3pt,Jump Shot,[],1627749,69.1688567674113,28.92156862745098,1610612737,70,77,2023-01-09T03:26:00Z,3910000,False,-105.0,237.0,1,right,MISS D. Murray 25' 3PT,[1627749],1610612737.0,ATL,,,,Murray,D. Murray,,,,,Above the Break 3,24+ Left Center,25.97,Missed,,,,,,,,,,,,,,,,,,,0022200604
399,PT06M56.00S,2023-01-09T03:25:56.3Z,3,REGULAR,rebound,defensive,[],202695,,,1610612746,70,77,2023-01-09T03:26:00Z,3920000,False,,,0,,K. Leonard REBOUND (Off:2 Def:3),[202695],1610612746.0,LAC,,,,Leonard,K. Leonard,,,,,Above the Break 3,24+ Left Center,,,,,398.0,5.0,3.0,2.0,,,,,,,,,,,,,0022200604
400,PT06M51.00S,2023-01-09T03:26:01.3Z,3,REGULAR,2pt,Hook,"['fastbreak', 'pointsinthepaint']",202695,8.065045992115643,59.31372549019608,1610612746,70,77,2023-01-09T03:26:36Z,3930000,False,-47.0,23.0,1,left,MISS K. Leonard driving bank Hook,[202695],1610612746.0,LAC,driving bank,,,Leonard,K. Leonard,,,,,In The Paint (Non-RA),0-8 Center,5.21,Missed,,,,,,,,,,,,,,,,,,,0022200604
401,PT06M49.00S,2023-01-09T03:26:03.3Z,3,REGULAR,rebound,defensive,[],1628381,,,1610612737,70,77,2023-01-09T03:26:14Z,3940000,False,,,0,,J. Collins REBOUND (Off:0 Def:6),[1628381],1610612737.0,ATL,,,,Collins,J. Collins,,,,,In The Paint (Non-RA),0-8 Center,,,,,400.0,6.0,6.0,0.0,,,,,,,,,,,,,0022200604
402,PT06M34.00S,2023-01-09T03:26:18.3Z,3,REGULAR,2pt,Hook,['pointsinthepaint'],1630168,85.5946123521682,53.18627450980392,1610612737,70,77,2023-01-09T03:26:25Z,3950000,False,16.0,83.0,1,right,MISS O. Okongwu 8' Hook,[1630168],1610612737.0,ATL,,,,Okongwu,O. Okongwu,,,,,In The Paint (Non-RA),8-16 Center,8.44,Missed,,,,,,,,,,,,,,,,,,,0022200604
403,PT06M31.00S,2023-01-09T03:26:21.3Z,3,REGULAR,rebound,defensive,[],1627826,,,1610612746,70,77,2023-01-09T03:26:25Z,3960000,False,,,0,,I. Zubac REBOUND (Off:7 Def:6),[1627826],1610612746.0,LAC,,,,Zubac,I. Zubac,,,,,In The Paint (Non-RA),8-16 Center,,,,,402.0,13.0,6.0,7.0,,,,,,,,,,,,,0022200604
404,PT06M26.00S,2023-01-09T03:26:28.8Z,3,REGULAR,foul,personal,[],1629631,,,1610612746,70,77,2023-01-09T03:26:32Z,3970000,False,,,0,,D. Hunter personal FOUL (2 PF),"[1629631, 1629611]",1610612737.0,ATL,,,,Hunter,D. Hunter,,,,,In The Paint (Non-RA),0-8 Center,,,,,,,,,,,,,,,,1627529.0,2.0,0.0,Mann,1629611.0,0022200604
406,PT06M26.00S,2023-01-09T03:26:39.1Z,3,REGULAR,timeout,full,"['team', 'mandatory']",0,,,1610612746,70,77,2023-01-09T03:26:39Z,3990000,False,,,0,,LAC Timeout,[],1610612746.0,LAC,,,,,,,,,,,,,,,,,,,,,,,,,,,,,,,,0022200604
407,PT06M26.00S,2023-01-09T03:29:04.9Z,3,REGULAR,substitution,out,[],1629027,,,1610612746,70,77,2023-01-09T03:29:07Z,4000000,False,,,0,,SUB out: T. Young,[1629027],1610612737.0,ATL,,,,Young,T. Young,,,,,,,,,,,,,,,,,,,,,,,,,,,0022200604
408,PT06M26.00S,2023-01-09T03:29:04.9Z,3,REGULAR,substitution,in,[],203992,,,1610612746,70,77,2023-01-09T03:29:07Z,4010000,False,,,0,,SUB in: B. Bogdanovic,[203992],1610612737.0,ATL,,,,Bogdanovic,B. Bogdanovic,,,,,,,,,,,,,,,,,,,,,,,,,,,0022200604
409,PT06M24.00S,2023-01-09T03:29:29.0Z,3,REGULAR,turnover,traveling,[],1629611,,,1610612746,70,77,2023-01-09T03:29:39Z,4020000,False,,,0,,T. Mann traveling TURNOVER (1 TO),[1629611],1610612746.0,LAC,,,,Mann,T. Mann,,,,,Above the Break 3,24+ Right Center,,,,,,,,,,,,,1.0,,,1627529.0,,,,,0022200604
410,PT06M11.00S,2023-01-09T03:29:54.9Z,3,REGULAR,2pt,Jump Shot,['fromturnover'],1628381,84.54336399474376,24.019607843137265,1610612737,70,79,2023-01-09T03:30:03Z,4030000,False,-130.0,93.0,1,right,J. Collins 15' Jump Shot (11 PTS) (B. Bogdanovic 4 AST),"[1628381, 203992]",1610612737.0,ATL,,,,Collins,J. Collins,,,,,Mid-Range,8-16 Left,15.96,Made,,,,,,,11.0,B. Bogdanovic,203992.0,4.0,,,,,,,,,0022200604
412,PT05M59.00S,2023-01-09T03:30:06.5Z,3,REGULAR,2pt,Jump Shot,[],1629611,12.270039421813408,82.1078431372549,1610612746,72,79,2023-01-09T03:30:15Z,4050000,False,-161.0,63.0,1,left,T. Mann 17' pullup Jump Shot (11 PTS),[1629611],1610612746.0,LAC,pullup,,,Mann,T. Mann,,,,,Mid-Range,16-24 Left,17.23,Made,,,,,,,11.0,,,,,,,,,,,,0022200604
413,PT05M38.00S,2023-01-09T03:31:04.0Z,3,REGULAR,jumpball,recovered,[],1627749,,,1610612737,72,79,2023-01-09T03:35:54Z,4060000,False,,,0,,Jump Ball J. Collins vs. T. Mann: Tip to D. Murray,"[1627749, 1628381, 1629611]",1610612737.0,ATL,heldball,D. Murray,1627749.0,Murray,D. Murray,Collins,1628381.0,Mann,1629611.0,,,,,,,,,,,,,,,,,,,,,,,0022200604
416,PT05M33.00S,2023-01-09T03:31:09.6Z,3,REGULAR,2pt,Jump Shot,[],1627749,79.15571616294349,67.40196078431373,1610612737,72,79,2023-01-09T03:31:12Z,4090000,False,87.0,143.0,1,right,MISS D. Murray 16' pullup Shot,[1627749],1610612737.0,ATL,pullup,,,Murray,D. Murray,,,,,Mid-Range,16-24 Right Center,16.77,Missed,,,,,,,,,,,,,,,,,,,0022200604
417,PT05M30.00S,2023-01-09T03:31:12.6Z,3,REGULAR,rebound,defensive,[],202694,,,1610612746,72,79,2023-01-09T03:31:12Z,4100000,False,,,0,,M. Morris Sr. REBOUND (Off:0 Def:4),[202694],1610612746.0,LAC,,,,Morris Sr.,M. Morris Sr.,,,,,Mid-Range,16-24 Right Center,,,,,416.0,4.0,4.0,0.0,,,,,,,,,,,,,0022200604
418,PT05M16.00S,2023-01-09T03:31:25.2Z,3,REGULAR,3pt,Jump Shot,[],201587,7.539421813403408,3.9215686274509807,1610612746,75,79,2023-01-09T03:31:30Z,4110000,False,230.0,18.0,1,left,N. Batum 3PT  (5 PTS) (M. Morris Sr. 1 AST),"[201587, 202694]",1610612746.0,LAC,,,,Batum,N. Batum,,,,,Right Corner 3,24+ Right,23.11,Made,,,,,,,5.0,M. Morris Sr.,202694.0,1.0,,,,,,,,,0022200604
420,PT05M02.00S,2023-01-09T03:31:39.8Z,3,REGULAR,2pt,Jump Shot,[],1629631,88.96189224704337,74.24172794117646,1610612737,75,79,2023-01-09T03:32:18Z,4130000,False,121.0,51.0,1,right,MISS D. Hunter 13' pullup Shot,[1629631],1610612737.0,ATL,pullup,,,Hunter,D. Hunter,,,,,Mid-Range,8-16 Right,13.16,Missed,,,,,,,,,,,,,,,,,,,0022200604
421,PT05M00.00S,2023-01-09T03:31:41.8Z,3,REGULAR,rebound,defensive,[],201587,,,1610612746,75,79,2023-01-09T03:31:46Z,4140000,False,,,0,,N. Batum REBOUND (Off:0 Def:3),[201587],1610612746.0,LAC,,,,Batum,N. Batum,,,,,Mid-Range,8-16 Right,,,,,420.0,3.0,3.0,0.0,,,,,,,,,,,,,0022200604
422,PT04M50.00S,2023-01-09T03:31:52.1Z,3,REGULAR,3pt,Jump Shot,[],202694,22.651116951379763,88.23529411764706,1610612746,75,79,2023-01-09T03:31:57Z,4150000,False,-191.0,160.0,1,left,MISS M. Morris Sr. 24' 3PT,[202694],1610612746.0,LAC,,,,Morris Sr.,M. Morris Sr.,,,,,Above the Break 3,24+ Left Center,24.96,Missed,,,,,,,,,,,,,,,,,,,0022200604
423,PT04M47.00S,2023-01-09T03:31:55.1Z,3,REGULAR,rebound,offensive,[],201587,,,1610612746,75,79,2023-01-09T03:31:57Z,4160000,False,,,0,,N. Batum REBOUND (Off:1 Def:3),[201587],1610612746.0,LAC,,,,Batum,N. Batum,,,,,Above the Break 3,24+ Left Center,,,,,422.0,4.0,3.0,1.0,,,,,,,,,,,,,0022200604
424,PT04M36.00S,2023-01-09T03:32:06.8Z,3,REGULAR,2pt,Jump Shot,"['pointsinthepaint', '2ndchance']",1629611,9.641918528252305,42.40196078431373,1610612746,75,79,2023-01-09T03:32:13Z,4170000,False,38.0,38.0,1,left,MISS T. Mann driving floating Shot,[1629611],1610612746.0,LAC,driving floating,,,Mann,T. Mann,,,,,In The Paint (Non-RA),0-8 Center,5.38,Missed,,,,,,,,,,,,,,,,,,,0022200604
425,PT04M33.00S,2023-01-09T03:32:09.8Z,3,REGULAR,rebound,defensive,[],203992,,,1610612737,75,79,2023-01-09T03:32:13Z,4180000,False,,,0,,B. Bogdanovic REBOUND (Off:0 Def:3),[203992],1610612737.0,ATL,,,,Bogdanovic,B. Bogdanovic,,,,,In The Paint (Non-RA),0-8 Center,,,,,424.0,3.0,3.0,0.0,,,,,,,,,,,,,0022200604
426,PT04M21.00S,2023-01-09T03:32:21.8Z,3,REGULAR,2pt,Jump Shot,['pointsinthepaint'],203992,82.44086727989487,44.85294117647059,1610612737,75,79,2023-01-09T03:32:27Z,4190000,False,-26.0,113.0,1,right,MISS B. Bogdanovic 11' pullup Shot,[203992],1610612737.0,ATL,pullup,,,Bogdanovic,B. Bogdanovic,,,,,In The Paint (Non-RA),8-16 Center,11.55,Missed,,,,,,,,,,,,,,,,,,,0022200604
427,PT04M16.00S,2023-01-09T03:32:26.8Z,3,REGULAR,rebound,defensive,[],201587,,,1610612746,75,79,2023-01-09T03:32:27Z,4200000,False,,,0,,N. Batum REBOUND (Off:1 Def:4),[201587],1610612746.0,LAC,,,,Batum,N. Batum,,,,,In The Paint (Non-RA),8-16 Center,,,,,426.0,5.0,4.0,1.0,,,,,,,,,,,,,0022200604
428,PT04M13.00S,2023-01-09T03:32:31.7Z,3,REGULAR,foul,personal,"['inpenalty', '2freethrow']",1628381,,,1610612746,75,79,2023-01-09T03:32:37Z,4210000,False,,,0,,J. Collins shooting personal FOUL (4 PF) (Batum 2 FT),"[1628381, 201587]",1610612737.0,ATL,shooting,,,Collins,J. Collins,,,,,Restricted Area,0-8 Center,,,,,,,,,,,,,,,,1627529.0,4.0,0.0,Batum,201587.0,0022200604
430,PT04M13.00S,2023-01-09T03:32:56.6Z,3,REGULAR,freethrow,1 of 2,[],201587,,,1610612746,75,79,2023-01-09T03:32:56Z,4230000,False,,,0,,MISS N. Batum Free Throw 1 of 2,[201587],1610612746.0,LAC,,,,Batum,N. Batum,,,,,,,,Missed,,,,,,,,,,,,,,,,,,,0022200604
431,PT04M13.00S,2023-01-09T03:32:56.6Z,3,REGULAR,rebound,offensive,"['deadball', 'team']",0,,,1610612746,75,79,2023-01-09T03:32:56Z,4240000,False,,,0,,TEAM offensive REBOUND,[],1610612746.0,LAC,,,,,,,,,,,,,,,,430.0,,,,,,,,,,,,,,,,0022200604
432,PT04M13.00S,2023-01-09T03:32:57.4Z,3,REGULAR,substitution,out,[],1629611,,,1610612746,75,79,2023-01-09T03:33:13Z,4250000,False,,,0,,SUB out: T. Mann,[1629611],1610612746.0,LAC,,,,Mann,T. Mann,,,,,,,,,,,,,,,,,,,,,,,,,,,0022200604
433,PT04M13.00S,2023-01-09T03:32:57.4Z,3,REGULAR,substitution,out,[],1627749,,,1610612746,75,79,2023-01-09T03:33:13Z,4260000,False,,,0,,SUB out: D. Murray,[1627749],1610612737.0,ATL,,,,Murray,D. Murray,,,,,,,,,,,,,,,,,,,,,,,,,,,0022200604
434,PT04M13.00S,2023-01-09T03:32:57.4Z,3,REGULAR,substitution,out,[],1628381,,,1610612746,75,79,2023-01-09T03:33:13Z,4270000,False,,,0,,SUB out: J. Collins,[1628381],1610612737.0,ATL,,,,Collins,J. Collins,,,,,,,,,,,,,,,,,,,,,,,,,,,0022200604
435,PT04M13.00S,2023-01-09T03:32:57.4Z,3,REGULAR,substitution,in,[],1626181,,,1610612746,75,79,2023-01-09T03:33:13Z,4280000,False,,,0,,SUB in: N. Powell,[1626181],1610612746.0,LAC,,,,Powell,N. Powell,,,,,,,,,,,,,,,,,,,,,,,,,,,0022200604
436,PT04M13.00S,2023-01-09T03:32:57.4Z,3,REGULAR,substitution,in,[],1630552,,,1610612746,75,79,2023-01-09T03:33:13Z,4290000,False,,,0,,SUB in: J. Johnson,[1630552],1610612737.0,ATL,,,,Johnson,J. Johnson,,,,,,,,,,,,,,,,,,,,,,,,,,,0022200604
437,PT04M13.00S,2023-01-09T03:32:57.4Z,3,REGULAR,substitution,in,[],1629027,,,1610612746,75,79,2023-01-09T03:33:13Z,4300000,False,,,0,,SUB in: T. Young,[1629027],1610612737.0,ATL,,,,Young,T. Young,,,,,,,,,,,,,,,,,,,,,,,,,,,0022200604
438,PT04M13.00S,2023-01-09T03:33:19.0Z,3,REGULAR,freethrow,2 of 2,[],201587,,,1610612746,76,79,2023-01-09T03:33:19Z,4310000,False,,,0,,N. Batum Free Throw 2 of 2 (6 PTS),[201587],1610612746.0,LAC,,,,Batum,N. Batum,,,,,,,,Made,,,,,,,6.0,,,,,,,,,,,,0022200604
439,PT03M56.00S,2023-01-09T03:33:37.1Z,3,REGULAR,2pt,Hook,['pointsinthepaint'],1630168,90.93298291721419,62.974877450980394,1610612737,76,79,2023-01-09T03:39:37Z,4320000,False,65.0,33.0,1,right,MISS O. Okongwu 7' bank Hook,[1630168],1610612737.0,ATL,bank,,,Okongwu,O. Okongwu,,,,,In The Paint (Non-RA),0-8 Center,7.27,Missed,,,,,,,,,,,,,,,,,,,0022200604
440,PT03M54.00S,2023-01-09T03:33:39.1Z,3,REGULAR,rebound,defensive,[],1627826,,,1610612746,76,79,2023-01-09T03:33:46Z,4330000,False,,,0,,I. Zubac REBOUND (Off:7 Def:7),[1627826],1610612746.0,LAC,,,,Zubac,I. Zubac,,,,,In The Paint (Non-RA),0-8 Center,,,,,439.0,14.0,7.0,7.0,,,,,,,,,,,,,0022200604
441,PT03M35.00S,2023-01-09T03:33:58.5Z,3,REGULAR,2pt,Jump Shot,['pointsinthepaint'],1626181,9.116294349540084,41.91176470588235,1610612746,76,79,2023-01-09T03:34:07Z,4340000,False,40.0,33.0,1,left,MISS N. Powell driving bank Shot,[1626181],1610612746.0,LAC,driving bank,,,Powell,N. Powell,,,,,In The Paint (Non-RA),0-8 Center,5.23,Missed,,,,,,,,,,,,,,,,,,,0022200604
442,PT03M33.00S,2023-01-09T03:34:00.5Z,3,REGULAR,rebound,defensive,[],203992,,,1610612737,76,79,2023-01-09T03:34:07Z,4350000,False,,,0,,B. Bogdanovic REBOUND (Off:0 Def:4),[203992],1610612737.0,ATL,,,,Bogdanovic,B. Bogdanovic,,,,,In The Paint (Non-RA),0-8 Center,,,,,441.0,4.0,4.0,0.0,,,,,,,,,,,,,0022200604
443,PT03M25.00S,2023-01-09T03:34:08.4Z,3,REGULAR,2pt,Jump Shot,['pointsinthepaint'],203992,85.20039421813404,63.72549019607843,1610612737,76,79,2023-01-09T03:40:51Z,4360000,False,69.0,87.0,1,right,MISS B. Bogdanovic 11' turnaround fadeaway Shot,[203992],1610612737.0,ATL,turnaround fadeaway,,,Bogdanovic,B. Bogdanovic,,,,,In The Paint (Non-RA),8-16 Right,11.05,Missed,,,,,,,,,,,,,,,,,,,0022200604
444,PT03M22.00S,2023-01-09T03:34:11.4Z,3,REGULAR,rebound,defensive,[],202695,,,1610612746,76,79,2023-01-09T03:34:15Z,4370000,False,,,0,,K. Leonard REBOUND (Off:2 Def:4),[202695],1610612746.0,LAC,,,,Leonard,K. Leonard,,,,,In The Paint (Non-RA),8-16 Right,,,,,443.0,6.0,4.0,2.0,,,,,,,,,,,,,0022200604
445,PT03M12.00S,2023-01-09T03:34:22.4Z,3,REGULAR,2pt,Jump Shot,['pointsinthepaint'],202695,10.693166885676746,50.49019607843137,1610612746,78,79,2023-01-09T03:34:32Z,4380000,False,-2.0,48.0,1,left,K. Leonard driving floating Jump Shot (20 PTS),[202695],1610612746.0,LAC,driving floating,,,Leonard,K. Leonard,,,,,In The Paint (Non-RA),0-8 Center,4.81,Made,,,,,,,20.0,,,,,,,,,,,,0022200604
446,PT03M12.00S,2023-01-09T03:34:28.6Z,3,REGULAR,timeout,full,"['team', 'mandatory']",0,,,1610612737,78,79,2023-01-09T03:34:28Z,4390000,False,,,0,,ATL Timeout,[],1610612737.0,ATL,,,,,,,,,,,,,,,,,,,,,,,,,,,,,,,,0022200604
447,PT03M12.00S,2023-01-09T03:37:04.3Z,3,REGULAR,substitution,out,[],201587,,,1610612737,78,79,2023-01-09T03:37:17Z,4400000,False,,,0,,SUB out: N. Batum,[201587],1610612746.0,LAC,,,,Batum,N. Batum,,,,,,,,,,,,,,,,,,,,,,,,,,,0022200604
448,PT03M12.00S,2023-01-09T03:37:04.3Z,3,REGULAR,substitution,out,[],1630168,,,1610612737,78,79,2023-01-09T03:37:17Z,4410000,False,,,0,,SUB out: O. Okongwu,[1630168],1610612737.0,ATL,,,,Okongwu,O. Okongwu,,,,,,,,,,,,,,,,,,,,,,,,,,,0022200604
449,PT03M12.00S,2023-01-09T03:37:04.3Z,3,REGULAR,substitution,in,[],202322,,,1610612737,78,79,2023-01-09T03:37:17Z,4420000,False,,,0,,SUB in: J. Wall,[202322],1610612746.0,LAC,,,,Wall,J. Wall,,,,,,,,,,,,,,,,,,,,,,,,,,,0022200604
450,PT03M12.00S,2023-01-09T03:37:04.3Z,3,REGULAR,substitution,in,[],1626163,,,1610612737,78,79,2023-01-09T03:37:17Z,4430000,False,,,0,,SUB in: F. Kaminsky,[1626163],1610612737.0,ATL,,,,Kaminsky,F. Kaminsky,,,,,,,,,,,,,,,,,,,,,,,,,,,0022200604
451,PT02M50.00S,2023-01-09T03:37:48.7Z,3,REGULAR,turnover,bad pass,[],1629027,,,1610612737,78,79,2023-01-09T03:37:55Z,4440000,False,,,0,,T. Young bad pass TURNOVER (3 TO),"[1629027, 202694]",1610612737.0,ATL,,,,Young,T. Young,,,,,Mid-Range,8-16 Left,,,,,,,,,,,,,3.0,Morris Sr.,202694.0,,,,,,0022200604
452,PT02M50.00S,2023-01-09T03:37:48.7Z,3,REGULAR,steal,,[],202694,,,1610612746,78,79,2023-01-09T03:37:51Z,4450000,False,,,0,,M. Morris Sr. STEAL (2 STL),[202694],1610612746.0,LAC,,,,Morris Sr.,M. Morris Sr.,,,,,Mid-Range,8-16 Left,,,,,,,,,,,,,,,,,,,,,0022200604
453,PT02M43.00S,2023-01-09T03:37:55.6Z,3,REGULAR,2pt,Jump Shot,"['fastbreak', 'pointsinthepaint', 'fromturnover']",1626181,15.686596583442835,58.57843137254902,1610612746,80,79,2023-01-09T03:38:04Z,4460000,False,-43.0,95.0,1,left,N. Powell 10' driving floating bank Jump Shot (12 PTS) (J. Wall 3 AST),"[1626181, 202322]",1610612746.0,LAC,driving floating bank,,,Powell,N. Powell,,,,,In The Paint (Non-RA),8-16 Center,10.42,Made,,,,,,,12.0,J. Wall,202322.0,3.0,,,,,,,,,0022200604
455,PT02M22.00S,2023-01-09T03:38:16.3Z,3,REGULAR,2pt,Jump Shot,[],1629631,92.82194480946123,80.63725490196079,1610612737,80,79,2023-01-09T03:43:32Z,4480000,False,153.0,15.0,1,right,MISS D. Hunter 15' pullup Shot,[1629631],1610612737.0,ATL,pullup,,,Hunter,D. Hunter,,,,,Mid-Range,8-16 Right,15.39,Missed,,,,,,,,,,,,,,,,,,,0022200604
456,PT02M20.00S,2023-01-09T03:38:18.3Z,3,REGULAR,rebound,defensive,[],202322,,,1610612746,80,79,2023-01-09T03:38:19Z,4490000,False,,,0,,J. Wall REBOUND (Off:0 Def:2),[202322],1610612746.0,LAC,,,,Wall,J. Wall,,,,,Mid-Range,8-16 Right,,,,,455.0,2.0,2.0,0.0,,,,,,,,,,,,,0022200604
457,PT02M08.00S,2023-01-09T03:38:30.7Z,3,REGULAR,3pt,Jump Shot,[],202694,22.125492772667542,89.70588235294117,1610612746,83,79,2023-01-09T03:38:35Z,4500000,False,-199.0,155.0,1,left,M. Morris Sr. 25' 3PT  (13 PTS) (N. Powell 3 AST),"[202694, 1626181]",1610612746.0,LAC,,,,Morris Sr.,M. Morris Sr.,,,,,Above the Break 3,24+ Left Center,25.22,Made,,,,,,,13.0,N. Powell,1626181.0,3.0,,,,,,,,,0022200604
459,PT01M53.00S,2023-01-09T03:38:45.7Z,3,REGULAR,2pt,Jump Shot,['pointsinthepaint'],1629027,84.93758212877792,62.254901960784316,1610612737,83,81,2023-01-09T03:44:51Z,4520000,False,61.0,89.0,1,right,T. Young 10' driving floating Jump Shot (16 PTS),[1629027],1610612737.0,ATL,driving floating,,,Young,T. Young,,,,,In The Paint (Non-RA),8-16 Right,10.82,Made,,,,,,,16.0,,,,,,,,,,,,0022200604
460,PT01M36.00S,2023-01-09T03:39:04.7Z,3,REGULAR,foul,personal,"['inpenalty', '2freethrow']",1626163,,,1610612746,83,81,2023-01-09T03:39:09Z,4530000,False,,,0,,F. Kaminsky shooting personal FOUL (1 PF) (Leonard 2 FT),"[1626163, 202695]",1610612737.0,ATL,shooting,,,Kaminsky,F. Kaminsky,,,,,Restricted Area,0-8 Center,,,,,,,,,,,,,,,,1627529.0,1.0,0.0,Leonard,202695.0,0022200604
462,PT01M36.00S,2023-01-09T03:39:29.3Z,3,REGULAR,timeout,full,['team'],0,,,1610612746,83,81,2023-01-09T03:39:29Z,4550000,False,,,0,,ATL Timeout,[],1610612737.0,ATL,,,,,,,,,,,,,,,,,,,,,,,,,,,,,,,,0022200604
463,PT01M36.00S,2023-01-09T03:41:13.2Z,3,REGULAR,freethrow,1 of 2,[],202695,,,1610612746,84,81,2023-01-09T03:41:13Z,4560000,False,,,0,,K. Leonard Free Throw 1 of 2 (21 PTS),[202695],1610612746.0,LAC,,,,Leonard,K. Leonard,,,,,,,,Made,,,,,,,21.0,,,,,,,,,,,,0022200604
464,PT01M36.00S,2023-01-09T03:41:30.5Z,3,REGULAR,freethrow,2 of 2,[],202695,,,1610612746,85,81,2023-01-09T03:41:30Z,4570000,False,,,0,,K. Leonard Free Throw 2 of 2 (22 PTS),[202695],1610612746.0,LAC,,,,Leonard,K. Leonard,,,,,,,,Made,,,,,,,22.0,,,,,,,,,,,,0022200604
465,PT01M28.00S,2023-01-09T03:41:45.9Z,3,REGULAR,foul,personal,[],202695,,,1610612737,85,81,2023-01-09T03:41:53Z,4580000,False,,,0,,K. Leonard personal FOUL (2 PF),"[202695, 1629631]",1610612746.0,LAC,,,,Leonard,K. Leonard,,,,,Above the Break 3,24+ Right Center,,,,,,,,,,,,,,,,203591.0,2.0,0.0,Hunter,1629631.0,0022200604
467,PT01M17.00S,2023-01-09T03:42:19.3Z,3,REGULAR,2pt,Jump Shot,['pointsinthepaint'],1629631,85.20039421813404,39.950980392156865,1610612737,85,83,2023-01-09T03:46:03Z,4600000,False,-50.0,87.0,1,right,D. Hunter 10' Jump Shot (18 PTS) (T. Young 4 AST),"[1629631, 1629027]",1610612737.0,ATL,,,,Hunter,D. Hunter,,,,,In The Paint (Non-RA),8-16 Center,10.01,Made,,,,,,,18.0,T. Young,1629027.0,4.0,,,,,,,,,0022200604
469,PT00M56.20S,2023-01-09T03:42:42.5Z,3,REGULAR,foul,personal,"['inpenalty', '2freethrow']",203992,,,1610612746,85,83,2023-01-09T03:42:47Z,4620000,False,,,0,,B. Bogdanovic personal FOUL (1 PF) (Zubac 2 FT),"[203992, 1627826]",1610612737.0,ATL,,,,Bogdanovic,B. Bogdanovic,,,,,In The Paint (Non-RA),8-16 Left,,,,,,,,,,,,,,,,203591.0,1.0,0.0,Zubac,1627826.0,0022200604
471,PT00M56.20S,2023-01-09T03:43:09.3Z,3,REGULAR,freethrow,1 of 2,[],1627826,,,1610612746,86,83,2023-01-09T03:43:09Z,4640000,False,,,0,,I. Zubac Free Throw 1 of 2 (16 PTS),[1627826],1610612746.0,LAC,,,,Zubac,I. Zubac,,,,,,,,Made,,,,,,,16.0,,,,,,,,,,,,0022200604
472,PT00M56.20S,2023-01-09T03:43:10.0Z,3,REGULAR,substitution,out,[],202695,,,1610612746,86,83,2023-01-09T03:43:17Z,4650000,False,,,0,,SUB out: K. Leonard,[202695],1610612746.0,LAC,,,,Leonard,K. Leonard,,,,,,,,,,,,,,,,,,,,,,,,,,,0022200604
473,PT00M56.20S,2023-01-09T03:43:10.0Z,3,REGULAR,substitution,in,[],1629611,,,1610612746,86,83,2023-01-09T03:43:17Z,4660000,False,,,0,,SUB in: T. Mann,[1629611],1610612746.0,LAC,,,,Mann,T. Mann,,,,,,,,,,,,,,,,,,,,,,,,,,,0022200604
474,PT00M56.20S,2023-01-09T03:43:33.1Z,3,REGULAR,freethrow,2 of 2,[],1627826,,,1610612746,87,83,2023-01-09T03:43:33Z,4670000,False,,,0,,I. Zubac Free Throw 2 of 2 (17 PTS),[1627826],1610612746.0,LAC,,,,Zubac,I. Zubac,,,,,,,,Made,,,,,,,17.0,,,,,,,,,,,,0022200604
475,PT00M42.10S,2023-01-09T03:43:48.7Z,3,REGULAR,2pt,Hook,['pointsinthepaint'],1630552,86.99080157687254,60.994944852941174,1610612737,87,85,2023-01-09T03:43:56Z,4680000,False,55.0,70.0,1,right,J. Johnson 8' turnaround Hook (13 PTS) (T. Young 5 AST),"[1630552, 1629027]",1610612737.0,ATL,turnaround,,,Johnson,J. Johnson,,,,,In The Paint (Non-RA),8-16 Right,8.89,Made,,,,,,,13.0,T. Young,1629027.0,5.0,,,,,,,,,0022200604
477,PT00M36.20S,2023-01-09T03:44:03.0Z,3,REGULAR,2pt,Layup,['pointsinthepaint'],1626181,7.670827858081481,54.16666666666667,1610612746,87,85,2023-01-09T03:44:09Z,4700000,False,-21.0,20.0,1,left,MISS N. Powell driving Layup,[1626181],1610612746.0,LAC,driving,,,Powell,N. Powell,,,,,Restricted Area,0-8 Center,2.86,Missed,,,,,,,,,,,,,,,,,,,0022200604
478,PT00M34.20S,2023-01-09T03:44:05.0Z,3,REGULAR,rebound,defensive,[],1626163,,,1610612737,87,85,2023-01-09T03:44:09Z,4710000,False,,,0,,F. Kaminsky REBOUND (Off:2 Def:2),[1626163],1610612737.0,ATL,,,,Kaminsky,F. Kaminsky,,,,,Restricted Area,0-8 Center,,,,,477.0,4.0,2.0,2.0,,,,,,,,,,,,,0022200604
479,PT00M27.30S,2023-01-09T03:44:11.8Z,3,REGULAR,2pt,Jump Shot,['pointsinthepaint'],203992,88.74835742444152,49.50980392156863,1610612737,87,85,2023-01-09T03:48:56Z,4720000,False,-2.0,53.0,1,right,MISS B. Bogdanovic driving floating Shot,[203992],1610612737.0,ATL,driving floating,,,Bogdanovic,B. Bogdanovic,,,,,In The Paint (Non-RA),0-8 Center,5.34,Missed,,,,,,,,,,,,,,,,,,,0022200604
480,PT00M24.60S,2023-01-09T03:44:14.5Z,3,REGULAR,rebound,defensive,[],202694,,,1610612746,87,85,2023-01-09T03:44:15Z,4730000,False,,,0,,M. Morris Sr. REBOUND (Off:0 Def:5),[202694],1610612746.0,LAC,,,,Morris Sr.,M. Morris Sr.,,,,,In The Paint (Non-RA),0-8 Center,,,,,479.0,5.0,5.0,0.0,,,,,,,,,,,,,0022200604
481,PT00M07.20S,2023-01-09T03:44:31.9Z,3,REGULAR,3pt,Jump Shot,[],202694,26.593298291721425,82.1078431372549,1610612746,87,85,2023-01-09T03:44:36Z,4740000,False,-161.0,197.0,1,left,MISS M. Morris Sr. 25' 3PT,[202694],1610612746.0,LAC,,,,Morris Sr.,M. Morris Sr.,,,,,Above the Break 3,24+ Left Center,25.45,Missed,,,,,,,,,,,,,,,,,,,0022200604
482,PT00M04.60S,2023-01-09T03:44:34.5Z,3,REGULAR,rebound,defensive,[],1630552,,,1610612737,87,85,2023-01-09T03:44:34Z,4750000,False,,,0,,J. Johnson REBOUND (Off:0 Def:4),[1630552],1610612737.0,ATL,,,,Johnson,J. Johnson,,,,,Above the Break 3,24+ Left Center,,,,,481.0,4.0,4.0,0.0,,,,,,,,,,,,,0022200604
483,PT00M01.50S,2023-01-09T03:44:44.8Z,3,REGULAR,violation,kicked ball,[],1629611,,,1610612737,87,85,2023-01-09T03:44:51Z,4760000,False,,,0,,T. Mann kicked ball VIOLATION,[1629611],1610612746.0,LAC,,,,Mann,T. Mann,,,,,,,,,,,,,,,,,,,,,,1627529.0,,,,,0022200604
484,PT00M00.00S,2023-01-09T03:45:03.4Z,3,REGULAR,3pt,Jump Shot,[],203992,68.11760840998686,12.74509803921569,1610612737,87,85,2023-01-09T03:45:08Z,4770000,False,-186.0,247.0,1,right,MISS B. Bogdanovic 30' 3PT,[203992],1610612737.0,ATL,,,,Bogdanovic,B. Bogdanovic,,,,,Above the Break 3,24+ Left Center,30.95,Missed,,,,,,,,,,,,,,,,,,,0022200604
485,PT00M00.00S,2023-01-09T03:45:06.0Z,3,REGULAR,rebound,offensive,['team'],0,,,1610612737,87,85,2023-01-09T03:45:06Z,4780000,False,,,0,,TEAM offensive REBOUND,[],1610612737.0,ATL,,,,,,,,,,Above the Break 3,24+ Left Center,,,,,484.0,,,,,,,,,,,,,,,,0022200604
486,PT00M00.00S,2023-01-09T03:45:07.0Z,3,REGULAR,period,end,[],0,,,1610612737,87,85,2023-01-09T03:45:07Z,4790000,False,,,0,,Period End,[],,,,,,,,,,,,,,,,,,,,,,,,,,,,,,,,,,0022200604
487,PT12M00.00S,2023-01-09T03:47:26.1Z,4,REGULAR,substitution,out,['startperiod'],202694,,,1610612737,87,85,2023-01-09T03:47:44Z,4800000,False,,,0,,SUB out: M. Morris Sr.,[202694],1610612746.0,LAC,,,,Morris Sr.,M. Morris Sr.,,,,,,,,,,,,,,,,,,,,,,,,,,,0022200604
488,PT12M00.00S,2023-01-09T03:47:26.1Z,4,REGULAR,substitution,out,['startperiod'],1629027,,,1610612737,87,85,2023-01-09T03:47:44Z,4810000,False,,,0,,SUB out: T. Young,[1629027],1610612737.0,ATL,,,,Young,T. Young,,,,,,,,,,,,,,,,,,,,,,,,,,,0022200604
489,PT12M00.00S,2023-01-09T03:47:26.1Z,4,REGULAR,substitution,out,['startperiod'],1629631,,,1610612737,87,85,2023-01-09T03:47:44Z,4820000,False,,,0,,SUB out: D. Hunter,[1629631],1610612737.0,ATL,,,,Hunter,D. Hunter,,,,,,,,,,,,,,,,,,,,,,,,,,,0022200604
490,PT12M00.00S,2023-01-09T03:47:26.1Z,4,REGULAR,substitution,in,['startperiod'],201587,,,1610612737,87,85,2023-01-09T03:47:44Z,4830000,False,,,0,,SUB in: N. Batum,[201587],1610612746.0,LAC,,,,Batum,N. Batum,,,,,,,,,,,,,,,,,,,,,,,,,,,0022200604
491,PT12M00.00S,2023-01-09T03:47:26.1Z,4,REGULAR,substitution,in,['startperiod'],1627749,,,1610612737,87,85,2023-01-09T03:47:44Z,4840000,False,,,0,,SUB in: D. Murray,[1627749],1610612737.0,ATL,,,,Murray,D. Murray,,,,,,,,,,,,,,,,,,,,,,,,,,,0022200604
492,PT12M00.00S,2023-01-09T03:47:26.1Z,4,REGULAR,substitution,in,['startperiod'],1631100,,,1610612737,87,85,2023-01-09T03:47:44Z,4850000,False,,,0,,SUB in: A. Griffin,[1631100],1610612737.0,ATL,,,,Griffin,A. Griffin,,,,,,,,,,,,,,,,,,,,,,,,,,,0022200604
493,PT12M00.00S,2023-01-09T03:47:46.4Z,4,REGULAR,period,start,[],0,,,1610612746,87,85,2023-01-09T03:47:46Z,4860000,False,,,0,,Period Start,[],,,,,,,,,,,,,,,,,,,,,,,,,,,,,,,,,,0022200604
494,PT11M43.00S,2023-01-09T03:48:05.1Z,4,REGULAR,foul,personal,['2freethrow'],1626163,,,1610612746,87,85,2023-01-09T03:48:09Z,4870000,False,,,0,,F. Kaminsky shooting personal FOUL (2 PF) (Powell 2 FT),"[1626163, 1626181]",1610612737.0,ATL,shooting,,,Kaminsky,F. Kaminsky,,,,,In The Paint (Non-RA),0-8 Center,,,,,,,,,,,,,,,,2882.0,2.0,0.0,Powell,1626181.0,0022200604
496,PT11M43.00S,2023-01-09T03:48:32.0Z,4,REGULAR,freethrow,1 of 2,[],1626181,,,1610612746,87,85,2023-01-09T03:48:32Z,4890000,False,,,0,,MISS N. Powell Free Throw 1 of 2,[1626181],1610612746.0,LAC,,,,Powell,N. Powell,,,,,,,,Missed,,,,,,,,,,,,,,,,,,,0022200604
497,PT11M43.00S,2023-01-09T03:48:32.0Z,4,REGULAR,rebound,offensive,"['deadball', 'team']",0,,,1610612746,87,85,2023-01-09T03:48:32Z,4900000,False,,,0,,TEAM offensive REBOUND,[],1610612746.0,LAC,,,,,,,,,,,,,,,,496.0,,,,,,,,,,,,,,,,0022200604
498,PT11M43.00S,2023-01-09T03:48:43.9Z,4,REGULAR,freethrow,2 of 2,[],1626181,,,1610612746,88,85,2023-01-09T03:48:43Z,4910000,False,,,0,,N. Powell Free Throw 2 of 2 (13 PTS),[1626181],1610612746.0,LAC,,,,Powell,N. Powell,,,,,,,,Made,,,,,,,13.0,,,,,,,,,,,,0022200604
499,PT11M27.00S,2023-01-09T03:49:01.1Z,4,REGULAR,3pt,Jump Shot,[],203992,68.51182654402103,26.960784313725497,1610612737,88,85,2023-01-09T03:51:24Z,4920000,False,-115.0,243.0,1,right,MISS B. Bogdanovic 26' pullup 3PT,[203992],1610612737.0,ATL,pullup,,,Bogdanovic,B. Bogdanovic,,,,,Above the Break 3,24+ Left Center,26.94,Missed,,,,,,,,,,,,,,,,,,,0022200604
500,PT11M22.00S,2023-01-09T03:49:06.1Z,4,REGULAR,rebound,defensive,[],1627826,,,1610612746,88,85,2023-01-09T03:49:07Z,4930000,False,,,0,,I. Zubac REBOUND (Off:7 Def:8),[1627826],1610612746.0,LAC,,,,Zubac,I. Zubac,,,,,Above the Break 3,24+ Left Center,,,,,499.0,15.0,8.0,7.0,,,,,,,,,,,,,0022200604
501,PT11M13.00S,2023-01-09T03:49:15.2Z,4,REGULAR,2pt,Jump Shot,[],1629611,20.54862023653088,32.35294117647058,1610612746,88,85,2023-01-09T03:49:21Z,4940000,False,88.0,141.0,1,left,MISS T. Mann 16' pullup Shot,[1629611],1610612746.0,LAC,pullup,,,Mann,T. Mann,,,,,Mid-Range,16-24 Right Center,16.61,Missed,,,,,,,,,,,,,,,,,,,0022200604
502,PT11M10.00S,2023-01-09T03:49:18.2Z,4,REGULAR,rebound,defensive,[],1626163,,,1610612737,88,85,2023-01-09T03:49:21Z,4950000,False,,,0,,F. Kaminsky REBOUND (Off:2 Def:3),[1626163],1610612737.0,ATL,,,,Kaminsky,F. Kaminsky,,,,,Mid-Range,16-24 Right Center,,,,,501.0,5.0,3.0,2.0,,,,,,,,,,,,,0022200604
503,PT11M01.00S,2023-01-09T03:49:27.1Z,4,REGULAR,2pt,Layup,['pointsinthepaint'],1627749,92.55913272010513,45.34313725490197,1610612737,88,85,2023-01-09T03:49:31Z,4960000,False,-23.0,17.0,1,right,MISS D. Murray driving Layup - blocked,"[1627749, 201587]",1610612737.0,ATL,driving,,,Murray,D. Murray,,,,,Restricted Area,0-8 Center,2.91,Missed,Batum,201587.0,,,,,,,,,,,,,,,,,0022200604
504,PT11M01.00S,2023-01-09T03:49:27.1Z,4,REGULAR,block,,[],201587,,,1610612737,88,85,2023-01-09T03:49:29Z,4970000,False,,,0,,N. Batum BLOCK (1 BLK),[201587],1610612746.0,LAC,,,,Batum,N. Batum,,,,,Restricted Area,0-8 Center,,,,,,,,,,,,,,,,,,,,,0022200604
505,PT10M58.00S,2023-01-09T03:49:30.1Z,4,REGULAR,rebound,defensive,[],1627826,,,1610612746,88,85,2023-01-09T03:49:31Z,4980000,False,,,0,,I. Zubac REBOUND (Off:7 Def:9),[1627826],1610612746.0,LAC,,,,Zubac,I. Zubac,,,,,Restricted Area,0-8 Center,,,,,503.0,16.0,9.0,7.0,,,,,,,,,,,,,0022200604
506,PT10M55.00S,2023-01-09T03:49:32.7Z,4,REGULAR,3pt,Jump Shot,['fastbreak'],1626181,7.227332457293031,94.58486519607843,1610612746,88,85,2023-01-09T03:49:49Z,4990000,False,-223.0,15.0,1,left,MISS N. Powell running 3PT,[1626181],1610612746.0,LAC,running,,,Powell,N. Powell,,,,,Left Corner 3,24+ Left,22.34,Missed,,,,,,,,,,,,,,,,,,,0022200604
507,PT10M53.00S,2023-01-09T03:49:34.7Z,4,REGULAR,rebound,offensive,[],1627826,,,1610612746,88,85,2023-01-09T03:49:49Z,5000000,False,,,0,,I. Zubac REBOUND (Off:8 Def:9),[1627826],1610612746.0,LAC,,,,Zubac,I. Zubac,,,,,Left Corner 3,24+ Left,,,,,506.0,17.0,9.0,8.0,,,,,,,,,,,,,0022200604
508,PT10M49.00S,2023-01-09T03:49:38.1Z,4,REGULAR,3pt,Jump Shot,['2ndchance'],202322,26.461892247043366,81.12745098039215,1610612746,91,85,2023-01-09T03:49:51Z,5010000,False,-156.0,196.0,1,left,J. Wall 25' 3PT  (5 PTS) (I. Zubac 3 AST),"[202322, 1627826]",1610612746.0,LAC,,,,Wall,J. Wall,,,,,Above the Break 3,24+ Left Center,25.04,Made,,,,,,,5.0,I. Zubac,1627826.0,3.0,,,,,,,,,0022200604
510,PT10M39.00S,2023-01-09T03:49:52.5Z,4,REGULAR,foul,personal,[],201587,,,1610612737,91,85,2023-01-09T03:50:04Z,5030000,False,,,0,,N. Batum personal FOUL (3 PF),"[201587, 203992]",1610612746.0,LAC,,,,Batum,N. Batum,,,,,Above the Break 3,24+ Right Center,,,,,,,,,,,,,,,,2882.0,3.0,0.0,Bogdanovic,203992.0,0022200604
512,PT10M39.00S,2023-01-09T03:49:58.2Z,4,REGULAR,substitution,out,[],1626163,,,1610612737,91,85,2023-01-09T03:50:00Z,5050000,False,,,0,,SUB out: F. Kaminsky,[1626163],1610612737.0,ATL,,,,Kaminsky,F. Kaminsky,,,,,,,,,,,,,,,,,,,,,,,,,,,0022200604
513,PT10M39.00S,2023-01-09T03:49:58.2Z,4,REGULAR,substitution,in,[],1630168,,,1610612737,91,85,2023-01-09T03:50:00Z,5060000,False,,,0,,SUB in: O. Okongwu,[1630168],1610612737.0,ATL,,,,Okongwu,O. Okongwu,,,,,,,,,,,,,,,,,,,,,,,,,,,0022200604
514,PT10M31.00S,2023-01-09T03:50:20.7Z,4,REGULAR,foul,personal,[],1629611,,,1610612737,91,85,2023-01-09T03:50:27Z,5070000,False,,,0,,T. Mann personal FOUL (1 PF),"[1629611, 203992]",1610612746.0,LAC,,,,Mann,T. Mann,,,,,In The Paint (Non-RA),0-8 Center,,,,,,,,,,,,,,,,1627529.0,1.0,0.0,Bogdanovic,203992.0,0022200604
516,PT10M15.00S,2023-01-09T03:50:55.3Z,4,REGULAR,3pt,Jump Shot,[],1630552,71.66557161629436,79.65686274509804,1610612737,91,85,2023-01-09T03:51:02Z,5090000,False,148.0,214.0,1,right,MISS J. Johnson 26' 3PT,[1630552],1610612737.0,ATL,,,,Johnson,J. Johnson,,,,,Above the Break 3,24+ Right Center,26.02,Missed,,,,,,,,,,,,,,,,,,,0022200604
517,PT10M15.00S,2023-01-09T03:50:55.3Z,4,REGULAR,rebound,defensive,['team'],0,,,1610612746,91,85,2023-01-09T03:51:02Z,5100000,False,,,0,,TEAM defensive REBOUND,[],1610612746.0,LAC,,,,,,,,,,Above the Break 3,24+ Right Center,,,,,516.0,,,,,,,,,,,,,,,,0022200604
519,PT10M06.00S,2023-01-09T03:51:19.5Z,4,REGULAR,2pt,Jump Shot,[],202322,18.183311432325894,27.696078431372555,1610612746,91,85,2023-01-09T03:51:37Z,5120000,False,112.0,118.0,1,left,MISS J. Wall 16' pullup Shot,[202322],1610612746.0,LAC,pullup,,,Wall,J. Wall,,,,,Mid-Range,16-24 Right Center,16.26,Missed,,,,,,,,,,,,,,,,,,,0022200604
520,PT10M04.00S,2023-01-09T03:51:21.5Z,4,REGULAR,rebound,defensive,['team'],0,,,1610612737,91,85,2023-01-09T03:51:37Z,5130000,False,,,0,,TEAM defensive REBOUND,[],1610612737.0,ATL,,,,,,,,,,Mid-Range,16-24 Right Center,,,,,519.0,,,,,,,,,,,,,,,,0022200604
522,PT09M46.00S,2023-01-09T03:51:51.3Z,4,REGULAR,2pt,Jump Shot,['pointsinthepaint'],1631100,85.20039421813404,60.294117647058826,1610612737,91,87,2023-01-09T03:51:58Z,5150000,False,51.0,87.0,1,right,A. Griffin 10' turnaround Jump Shot (7 PTS) (B. Bogdanovic 5 AST),"[1631100, 203992]",1610612737.0,ATL,turnaround,,,Griffin,A. Griffin,,,,,In The Paint (Non-RA),8-16 Center,10.08,Made,,,,,,,7.0,B. Bogdanovic,203992.0,5.0,,,,,,,,,0022200604
524,PT09M30.00S,2023-01-09T03:52:07.4Z,4,REGULAR,3pt,Jump Shot,[],201587,24.753613666228645,85.7843137254902,1610612746,91,87,2023-01-09T03:52:12Z,5170000,False,-179.0,180.0,1,left,MISS N. Batum 25' 3PT,[201587],1610612746.0,LAC,,,,Batum,N. Batum,,,,,Above the Break 3,24+ Left Center,25.39,Missed,,,,,,,,,,,,,,,,,,,0022200604
525,PT09M27.00S,2023-01-09T03:52:10.4Z,4,REGULAR,rebound,defensive,[],1630168,,,1610612737,91,87,2023-01-09T03:52:12Z,5180000,False,,,0,,O. Okongwu REBOUND (Off:1 Def:5),[1630168],1610612737.0,ATL,,,,Okongwu,O. Okongwu,,,,,Above the Break 3,24+ Left Center,,,,,524.0,6.0,5.0,1.0,,,,,,,,,,,,,0022200604
526,PT09M15.00S,2023-01-09T03:52:22.3Z,4,REGULAR,turnover,bad pass,[],203992,,,1610612737,91,87,2023-01-09T03:52:27Z,5190000,False,,,0,,B. Bogdanovic bad pass TURNOVER (1 TO),"[203992, 1629611]",1610612737.0,ATL,,,,Bogdanovic,B. Bogdanovic,,,,,In The Paint (Non-RA),8-16 Center,,,,,,,,,,,,,1.0,Mann,1629611.0,,,,,,0022200604
527,PT09M15.00S,2023-01-09T03:52:22.3Z,4,REGULAR,steal,,[],1629611,,,1610612746,91,87,2023-01-09T03:52:24Z,5200000,False,,,0,,T. Mann STEAL (2 STL),[1629611],1610612746.0,LAC,,,,Mann,T. Mann,,,,,In The Paint (Non-RA),8-16 Center,,,,,,,,,,,,,,,,,,,,,0022200604
528,PT09M13.00S,2023-01-09T03:52:27.1Z,4,REGULAR,2pt,Layup,"['pointsinthepaint', 'fromturnover', 'fastbreak']",1629611,9.510512483574246,51.22549019607843,1610612746,93,87,2023-01-09T03:52:33Z,5210000,False,-6.0,37.0,1,left,T. Mann running Layup (13 PTS),[1629611],1610612746.0,LAC,running,,,Mann,T. Mann,,,,,Restricted Area,0-8 Center,3.74,Made,,,,,,,13.0,,,,,,,,,,,,0022200604
529,PT09M13.00S,2023-01-09T03:52:30.8Z,4,REGULAR,foul,personal,['1freethrow'],1630552,,,1610612746,93,87,2023-01-09T03:52:47Z,5220000,False,,,0,,J. Johnson shooting personal FOUL (1 PF) (Mann 1 FT),"[1630552, 1629611]",1610612737.0,ATL,shooting,,,Johnson,J. Johnson,,,,,Restricted Area,0-8 Center,,,,,,,,,,,,,,,,1627529.0,1.0,0.0,Mann,1629611.0,0022200604
531,PT09M13.00S,2023-01-09T03:52:39.2Z,4,REGULAR,substitution,out,[],1627826,,,1610612746,93,87,2023-01-09T03:52:48Z,5240000,False,,,0,,SUB out: I. Zubac,[1627826],1610612746.0,LAC,,,,Zubac,I. Zubac,,,,,,,,,,,,,,,,,,,,,,,,,,,0022200604
532,PT09M13.00S,2023-01-09T03:52:39.2Z,4,REGULAR,substitution,out,[],1630552,,,1610612746,93,87,2023-01-09T03:52:48Z,5250000,False,,,0,,SUB out: J. Johnson,[1630552],1610612737.0,ATL,,,,Johnson,J. Johnson,,,,,,,,,,,,,,,,,,,,,,,,,,,0022200604
533,PT09M13.00S,2023-01-09T03:52:39.2Z,4,REGULAR,substitution,in,[],1629650,,,1610612746,93,87,2023-01-09T03:52:48Z,5260000,False,,,0,,SUB in: M. Brown,[1629650],1610612746.0,LAC,,,,Brown,M. Brown,,,,,,,,,,,,,,,,,,,,,,,,,,,0022200604
534,PT09M13.00S,2023-01-09T03:52:39.2Z,4,REGULAR,substitution,in,[],1628381,,,1610612746,93,87,2023-01-09T03:52:48Z,5270000,False,,,0,,SUB in: J. Collins,[1628381],1610612737.0,ATL,,,,Collins,J. Collins,,,,,,,,,,,,,,,,,,,,,,,,,,,0022200604
535,PT09M13.00S,2023-01-09T03:53:02.5Z,4,REGULAR,freethrow,1 of 1,"['fromturnover', 'fastbreak']",1629611,,,1610612746,94,87,2023-01-09T03:53:02Z,5280000,False,,,0,,T. Mann Free Throw 1 of 1 (14 PTS),[1629611],1610612746.0,LAC,,,,Mann,T. Mann,,,,,,,,Made,,,,,,,14.0,,,,,,,,,,,,0022200604
536,PT08M58.00S,2023-01-09T03:53:18.1Z,4,REGULAR,2pt,Jump Shot,['pointsinthepaint'],1627749,88.2227332457293,43.13725490196079,1610612737,94,87,2023-01-09T03:58:47Z,5290000,False,-34.0,58.0,1,right,MISS D. Murray 6' driving floating Shot,[1627749],1610612737.0,ATL,driving floating,,,Murray,D. Murray,,,,,In The Paint (Non-RA),0-8 Center,6.76,Missed,,,,,,,,,,,,,,,,,,,0022200604
537,PT08M55.00S,2023-01-09T03:53:21.1Z,4,REGULAR,rebound,defensive,[],1629650,,,1610612746,94,87,2023-01-09T03:53:23Z,5300000,False,,,0,,M. Brown REBOUND (Off:1 Def:7),[1629650],1610612746.0,LAC,,,,Brown,M. Brown,,,,,In The Paint (Non-RA),0-8 Center,,,,,536.0,8.0,7.0,1.0,,,,,,,,,,,,,0022200604
538,PT08M48.00S,2023-01-09T03:53:28.6Z,4,REGULAR,2pt,DUNK,['pointsinthepaint'],1629650,6.8823915900131425,48.0392156862745,1610612746,96,87,2023-01-09T03:53:33Z,5310000,False,10.0,12.0,1,left,M. Brown cutting DUNK (6 PTS) (J. Wall 4 AST),"[1629650, 202322]",1610612746.0,LAC,cutting,,,Brown,M. Brown,,,,,Restricted Area,0-8 Center,1.56,Made,,,,,,,6.0,J. Wall,202322.0,4.0,,,,,,,,,0022200604
540,PT08M48.00S,2023-01-09T03:53:36.0Z,4,REGULAR,timeout,full,"['team', 'mandatory']",0,,,1610612737,96,87,2023-01-09T03:53:36Z,5330000,False,,,0,,ATL Timeout,[],1610612737.0,ATL,,,,,,,,,,,,,,,,,,,,,,,,,,,,,,,,0022200604
541,PT08M48.00S,2023-01-09T03:56:09.8Z,4,REGULAR,substitution,out,[],1631100,,,1610612737,96,87,2023-01-09T03:56:22Z,5340000,False,,,0,,SUB out: A. Griffin,[1631100],1610612737.0,ATL,,,,Griffin,A. Griffin,,,,,,,,,,,,,,,,,,,,,,,,,,,0022200604
542,PT08M48.00S,2023-01-09T03:56:09.8Z,4,REGULAR,substitution,in,[],1629027,,,1610612737,96,87,2023-01-09T03:56:22Z,5350000,False,,,0,,SUB in: T. Young,[1629027],1610612737.0,ATL,,,,Young,T. Young,,,,,,,,,,,,,,,,,,,,,,,,,,,0022200604
543,PT08M41.00S,2023-01-09T03:56:30.6Z,4,REGULAR,foul,personal,[],201587,,,1610612737,96,87,2023-01-09T03:56:54Z,5360000,False,,,0,,N. Batum personal FOUL (4 PF),"[201587, 1629027]",1610612746.0,LAC,,,,Batum,N. Batum,,,,,Above the Break 3,24+ Left Center,,,,,,,,,,,,,,,,203591.0,4.0,0.0,Young,1629027.0,0022200604
545,PT08M31.00S,2023-01-09T03:56:54.4Z,4,REGULAR,2pt,DUNK,['pointsinthepaint'],1628381,93.2161629434954,47.30392156862745,1610612737,96,89,2023-01-09T03:56:58Z,5380000,False,-13.0,11.0,1,right,J. Collins alley-oop DUNK (13 PTS) (T. Young 6 AST),"[1628381, 1629027]",1610612737.0,ATL,alley-oop,,,Collins,J. Collins,,,,,Restricted Area,0-8 Center,1.76,Made,,,,,,,13.0,T. Young,1629027.0,6.0,,,,,,,,,0022200604
547,PT08M15.00S,2023-01-09T03:57:10.4Z,4,REGULAR,2pt,Layup,['pointsinthepaint'],1626181,8.722076215505908,48.0392156862745,1610612746,96,89,2023-01-09T03:57:19Z,5400000,False,10.0,29.0,1,left,MISS N. Powell driving finger roll Layup - blocked,"[1626181, 1628381]",1610612746.0,LAC,driving finger roll,,,Powell,N. Powell,,,,,Restricted Area,0-8 Center,3.11,Missed,Collins,1628381.0,,,,,,,,,,,,,,,,,0022200604
548,PT08M15.00S,2023-01-09T03:57:10.4Z,4,REGULAR,block,,[],1628381,,,1610612746,96,89,2023-01-09T03:57:12Z,5410000,False,,,0,,J. Collins BLOCK (2 BLK),[1628381],1610612737.0,ATL,,,,Collins,J. Collins,,,,,Restricted Area,0-8 Center,,,,,,,,,,,,,,,,,,,,,0022200604
549,PT08M13.00S,2023-01-09T03:57:12.4Z,4,REGULAR,rebound,defensive,[],1630168,,,1610612737,96,89,2023-01-09T03:57:19Z,5420000,False,,,0,,O. Okongwu REBOUND (Off:1 Def:6),[1630168],1610612737.0,ATL,,,,Okongwu,O. Okongwu,,,,,Restricted Area,0-8 Center,,,,,547.0,7.0,6.0,1.0,,,,,,,,,,,,,0022200604
550,PT08M04.00S,2023-01-09T03:57:21.8Z,4,REGULAR,3pt,Jump Shot,[],203992,72.7168199737188,21.813725490196077,1610612737,96,89,2023-01-09T03:57:26Z,5430000,False,-141.0,204.0,1,right,MISS B. Bogdanovic 24' 3PT,[203992],1610612737.0,ATL,,,,Bogdanovic,B. Bogdanovic,,,,,Above the Break 3,24+ Left Center,24.79,Missed,,,,,,,,,,,,,,,,,,,0022200604
551,PT08M02.00S,2023-01-09T03:57:23.8Z,4,REGULAR,rebound,defensive,[],1629650,,,1610612746,96,89,2023-01-09T03:57:26Z,5440000,False,,,0,,M. Brown REBOUND (Off:1 Def:8),[1629650],1610612746.0,LAC,,,,Brown,M. Brown,,,,,Above the Break 3,24+ Left Center,,,,,550.0,9.0,8.0,1.0,,,,,,,,,,,,,0022200604
552,PT07M51.00S,2023-01-09T03:57:35.6Z,4,REGULAR,2pt,Layup,['pointsinthepaint'],1629650,7.408015768725363,52.205882352941174,1610612746,98,89,2023-01-09T03:58:10Z,5450000,False,-11.0,17.0,1,left,M. Brown cutting Layup (8 PTS) (J. Wall 5 AST),"[1629650, 202322]",1610612746.0,LAC,cutting,,,Brown,M. Brown,,,,,Restricted Area,0-8 Center,2.03,Made,,,,,,,8.0,J. Wall,202322.0,5.0,,,,,,,,,0022200604
554,PT07M30.00S,2023-01-09T03:57:56.1Z,4,REGULAR,2pt,DUNK,['pointsinthepaint'],1630168,92.95335085413929,50.0,1610612737,98,91,2023-01-09T03:58:00Z,5470000,False,0.0,14.0,1,right,O. Okongwu cutting DUNK (4 PTS) (T. Young 7 AST),"[1630168, 1629027]",1610612737.0,ATL,cutting,,,Okongwu,O. Okongwu,,,,,Restricted Area,0-8 Center,1.37,Made,,,,,,,4.0,T. Young,1629027.0,7.0,,,,,,,,,0022200604
556,PT07M30.00S,2023-01-09T03:58:02.7Z,4,REGULAR,timeout,full,"['team', 'mandatory']",0,,,1610612746,98,91,2023-01-09T03:58:02Z,5490000,False,,,0,,LAC Timeout,[],1610612746.0,LAC,,,,,,,,,,,,,,,,,,,,,,,,,,,,,,,,0022200604
557,PT07M30.00S,2023-01-09T04:00:51.7Z,4,REGULAR,substitution,out,[],201587,,,1610612746,98,91,2023-01-09T04:01:03Z,5500000,False,,,0,,SUB out: N. Batum,[201587],1610612746.0,LAC,,,,Batum,N. Batum,,,,,,,,,,,,,,,,,,,,,,,,,,,0022200604
558,PT07M30.00S,2023-01-09T04:00:51.7Z,4,REGULAR,substitution,out,[],203992,,,1610612746,98,91,2023-01-09T04:01:03Z,5510000,False,,,0,,SUB out: B. Bogdanovic,[203992],1610612737.0,ATL,,,,Bogdanovic,B. Bogdanovic,,,,,,,,,,,,,,,,,,,,,,,,,,,0022200604
559,PT07M30.00S,2023-01-09T04:00:51.7Z,4,REGULAR,substitution,in,[],202695,,,1610612746,98,91,2023-01-09T04:01:03Z,5520000,False,,,0,,SUB in: K. Leonard,[202695],1610612746.0,LAC,,,,Leonard,K. Leonard,,,,,,,,,,,,,,,,,,,,,,,,,,,0022200604
560,PT07M30.00S,2023-01-09T04:00:51.7Z,4,REGULAR,substitution,in,[],1629631,,,1610612746,98,91,2023-01-09T04:01:03Z,5530000,False,,,0,,SUB in: D. Hunter,[1629631],1610612737.0,ATL,,,,Hunter,D. Hunter,,,,,,,,,,,,,,,,,,,,,,,,,,,0022200604
561,PT07M19.00S,2023-01-09T04:01:21.2Z,4,REGULAR,foul,personal,['2freethrow'],1629027,,,1610612746,98,91,2023-01-09T04:01:28Z,5540000,False,,,0,,T. Young shooting personal FOUL (3 PF) (Powell 2 FT),"[1629027, 1626181]",1610612737.0,ATL,shooting,,,Young,T. Young,,,,,In The Paint (Non-RA),8-16 Center,,,,,,,,,,,,,,,,203591.0,3.0,0.0,Powell,1626181.0,0022200604
563,PT07M19.00S,2023-01-09T04:01:51.6Z,4,REGULAR,freethrow,1 of 2,[],1626181,,,1610612746,98,91,2023-01-09T04:01:51Z,5560000,False,,,0,,MISS N. Powell Free Throw 1 of 2,[1626181],1610612746.0,LAC,,,,Powell,N. Powell,,,,,,,,Missed,,,,,,,,,,,,,,,,,,,0022200604
564,PT07M19.00S,2023-01-09T04:01:51.6Z,4,REGULAR,rebound,offensive,"['deadball', 'team']",0,,,1610612746,98,91,2023-01-09T04:01:51Z,5570000,False,,,0,,TEAM offensive REBOUND,[],1610612746.0,LAC,,,,,,,,,,,,,,,,563.0,,,,,,,,,,,,,,,,0022200604
565,PT07M19.00S,2023-01-09T04:02:05.4Z,4,REGULAR,freethrow,2 of 2,[],1626181,,,1610612746,99,91,2023-01-09T04:02:05Z,5580000,False,,,0,,N. Powell Free Throw 2 of 2 (14 PTS),[1626181],1610612746.0,LAC,,,,Powell,N. Powell,,,,,,,,Made,,,,,,,14.0,,,,,,,,,,,,0022200604
566,PT07M05.00S,2023-01-09T04:02:20.7Z,4,REGULAR,3pt,Jump Shot,[],1629631,93.2161629434954,5.14705882352942,1610612737,99,91,2023-01-09T04:02:25Z,5590000,False,-224.0,11.0,1,right,MISS D. Hunter 3PT,[1629631],1610612737.0,ATL,,,,Hunter,D. Hunter,,,,,Left Corner 3,24+ Left,22.46,Missed,,,,,,,,,,,,,,,,,,,0022200604
567,PT07M01.00S,2023-01-09T04:02:24.7Z,4,REGULAR,rebound,defensive,[],202695,,,1610612746,99,91,2023-01-09T04:02:25Z,5600000,False,,,0,,K. Leonard REBOUND (Off:2 Def:5),[202695],1610612746.0,LAC,,,,Leonard,K. Leonard,,,,,Left Corner 3,24+ Left,,,,,566.0,7.0,5.0,2.0,,,,,,,,,,,,,0022200604
568,PT06M45.00S,2023-01-09T04:02:39.9Z,4,REGULAR,3pt,Jump Shot,[],202695,10.298948751642584,95.83333333333333,1610612746,102,91,2023-01-09T04:02:44Z,5610000,False,-229.0,44.0,1,left,K. Leonard 3PT  (25 PTS) (N. Powell 4 AST),"[202695, 1626181]",1610612746.0,LAC,,,,Leonard,K. Leonard,,,,,Left Corner 3,24+ Left,23.34,Made,,,,,,,25.0,N. Powell,1626181.0,4.0,,,,,,,,,0022200604
570,PT06M31.00S,2023-01-09T04:02:54.6Z,4,REGULAR,3pt,Jump Shot,[],1627749,72.19119579500656,24.75490196078431,1610612737,102,91,2023-01-09T04:02:59Z,5630000,False,-126.0,209.0,1,right,MISS D. Murray 24' 3PT,[1627749],1610612737.0,ATL,,,,Murray,D. Murray,,,,,Above the Break 3,24+ Left Center,24.41,Missed,,,,,,,,,,,,,,,,,,,0022200604
571,PT06M28.00S,2023-01-09T04:02:57.6Z,4,REGULAR,rebound,offensive,[],1630168,,,1610612737,102,91,2023-01-09T04:02:59Z,5640000,False,,,0,,O. Okongwu REBOUND (Off:2 Def:6),[1630168],1610612737.0,ATL,,,,Okongwu,O. Okongwu,,,,,Above the Break 3,24+ Left Center,,,,,570.0,8.0,6.0,2.0,,,,,,,,,,,,,0022200604
572,PT06M27.00S,2023-01-09T04:02:59.3Z,4,REGULAR,3pt,Jump Shot,['2ndchance'],1629027,64.43823915900131,54.411764705882355,1610612737,102,94,2023-01-09T04:03:04Z,5650000,False,22.0,282.0,1,right,T. Young 28' 3PT  (19 PTS) (O. Okongwu 2 AST),"[1629027, 1630168]",1610612737.0,ATL,,,,Young,T. Young,,,,,Above the Break 3,24+ Center,28.27,Made,,,,,,,19.0,O. Okongwu,1630168.0,2.0,,,,,,,,,0022200604
574,PT06M02.00S,2023-01-09T04:03:24.0Z,4,REGULAR,2pt,Jump Shot,[],202695,11.48160315374507,26.470588235294116,1610612746,102,94,2023-01-09T04:03:41Z,5670000,False,118.0,55.0,1,left,MISS K. Leonard 13' pullup Shot,[202695],1610612746.0,LAC,pullup,,,Leonard,K. Leonard,,,,,Mid-Range,8-16 Right,13.0,Missed,,,,,,,,,,,,,,,,,,,0022200604
575,PT05M59.00S,2023-01-09T04:03:27.0Z,4,REGULAR,rebound,offensive,[],1629611,,,1610612746,102,94,2023-01-09T04:03:41Z,5680000,False,,,0,,T. Mann REBOUND (Off:6 Def:1),[1629611],1610612746.0,LAC,,,,Mann,T. Mann,,,,,Mid-Range,8-16 Right,,,,,574.0,7.0,1.0,6.0,,,,,,,,,,,,,0022200604
577,PT05M58.00S,2023-01-09T04:03:27.9Z,4,REGULAR,2pt,DUNK,"['pointsinthepaint', '2ndchance']",1629650,6.093955321944804,49.01960784313726,1610612746,102,94,2023-01-09T04:03:46Z,5700000,False,5.0,5.0,1,left,MISS M. Brown DUNK - blocked,"[1629650, 1628381]",1610612746.0,LAC,,,,Brown,M. Brown,,,,,Restricted Area,0-8 Center,0.69,Missed,Collins,1628381.0,,,,,,,,,,,,,,,,,0022200604
578,PT05M58.00S,2023-01-09T04:03:27.9Z,4,REGULAR,block,,[],1628381,,,1610612746,102,94,2023-01-09T04:03:33Z,5710000,False,,,0,,J. Collins BLOCK (3 BLK),[1628381],1610612737.0,ATL,,,,Collins,J. Collins,,,,,Restricted Area,0-8 Center,,,,,,,,,,,,,,,,,,,,,0022200604
579,PT05M57.00S,2023-01-09T04:03:28.9Z,4,REGULAR,rebound,offensive,[],1629650,,,1610612746,102,94,2023-01-09T04:03:46Z,5720000,False,,,0,,M. Brown REBOUND (Off:2 Def:8),[1629650],1610612746.0,LAC,,,,Brown,M. Brown,,,,,Restricted Area,0-8 Center,,,,,577.0,10.0,8.0,2.0,,,,,,,,,,,,,0022200604
580,PT05M57.00S,2023-01-09T04:03:41.6Z,4,REGULAR,foul,personal,['2freethrow'],1630168,,,1610612746,102,94,2023-01-09T04:03:48Z,5730000,False,,,0,,O. Okongwu shooting personal FOUL (4 PF) (Brown 2 FT),"[1630168, 1629650]",1610612737.0,ATL,shooting,,,Okongwu,O. Okongwu,,,,,Restricted Area,0-8 Center,,,,,,,,,,,,,,,,2882.0,4.0,0.0,Brown,1629650.0,0022200604
582,PT05M57.00S,2023-01-09T04:04:10.5Z,4,REGULAR,freethrow,1 of 2,['2ndchance'],1629650,,,1610612746,102,94,2023-01-09T04:04:28Z,5750000,False,,,0,,MISS M. Brown Free Throw 1 of 2,[1629650],1610612746.0,LAC,,,,Brown,M. Brown,,,,,,,,Missed,,,,,,,,,,,,,,,,,,,0022200604
583,PT05M57.00S,2023-01-09T04:04:10.5Z,4,REGULAR,rebound,offensive,"['team', 'deadball']",0,,,1610612746,102,94,2023-01-09T04:04:28Z,5760000,False,,,0,,TEAM offensive REBOUND,[],1610612746.0,LAC,,,,,,,,,,,,,,,,582.0,,,,,,,,,,,,,,,,0022200604
584,PT05M57.00S,2023-01-09T04:04:10.5Z,4,REGULAR,freethrow,2 of 2,['2ndchance'],1629650,,,1610612746,102,94,2023-01-09T04:04:28Z,5770000,False,,,0,,MISS M. Brown Free Throw 2 of 2,[1629650],1610612746.0,LAC,,,,Brown,M. Brown,,,,,,,,Missed,,,,,,,,,,,,,,,,,,,0022200604
585,PT05M49.00S,2023-01-09T04:04:18.5Z,4,REGULAR,rebound,defensive,[],1629631,,,1610612737,102,94,2023-01-09T04:04:49Z,5780000,False,,,0,,D. Hunter REBOUND (Off:2 Def:2),[1629631],1610612737.0,ATL,,,,Hunter,D. Hunter,,,,,,,,,,,584.0,4.0,2.0,2.0,,,,,,,,,,,,,0022200604
586,PT05M49.00S,2023-01-09T04:04:26.7Z,4,REGULAR,foul,personal,['2freethrow'],202322,,,1610612737,102,94,2023-01-09T04:04:49Z,5790000,False,,,0,,J. Wall shooting personal FOUL (2 PF) (Okongwu 2 FT),"[202322, 1630168]",1610612746.0,LAC,shooting,,,Wall,J. Wall,,,,,Restricted Area,0-8 Center,,,,,,,,,,,,,,,,1627529.0,2.0,0.0,Okongwu,1630168.0,0022200604
588,PT05M49.00S,2023-01-09T04:04:51.3Z,4,REGULAR,freethrow,1 of 2,[],1630168,,,1610612737,102,95,2023-01-09T04:05:15Z,5810000,False,,,0,,O. Okongwu Free Throw 1 of 2 (5 PTS),[1630168],1610612737.0,ATL,,,,Okongwu,O. Okongwu,,,,,,,,Made,,,,,,,5.0,,,,,,,,,,,,0022200604
589,PT05M49.00S,2023-01-09T04:04:52.4Z,4,REGULAR,substitution,out,[],1629650,,,1610612737,102,95,2023-01-09T04:05:03Z,5820000,False,,,0,,SUB out: M. Brown,[1629650],1610612746.0,LAC,,,,Brown,M. Brown,,,,,,,,,,,,,,,,,,,,,,,,,,,0022200604
590,PT05M49.00S,2023-01-09T04:04:52.4Z,4,REGULAR,substitution,in,[],1627826,,,1610612737,102,95,2023-01-09T04:05:03Z,5830000,False,,,0,,SUB in: I. Zubac,[1627826],1610612746.0,LAC,,,,Zubac,I. Zubac,,,,,,,,,,,,,,,,,,,,,,,,,,,0022200604
591,PT05M49.00S,2023-01-09T04:04:51.3Z,4,REGULAR,freethrow,2 of 2,[],1630168,,,1610612737,102,95,2023-01-09T04:05:15Z,5840000,False,,,0,,MISS O. Okongwu Free Throw 2 of 2,[1630168],1610612737.0,ATL,,,,Okongwu,O. Okongwu,,,,,,,,Missed,,,,,,,,,,,,,,,,,,,0022200604
592,PT05M46.00S,2023-01-09T04:04:54.3Z,4,REGULAR,rebound,defensive,[],1626181,,,1610612746,102,95,2023-01-09T04:05:15Z,5850000,False,,,0,,N. Powell REBOUND (Off:1 Def:2),[1626181],1610612746.0,LAC,,,,Powell,N. Powell,,,,,,,,,,,591.0,3.0,2.0,1.0,,,,,,,,,,,,,0022200604
593,PT05M21.00S,2023-01-09T04:05:37.3Z,4,REGULAR,2pt,Jump Shot,[],202695,11.087385019710908,78.43137254901961,1610612746,102,95,2023-01-09T04:05:43Z,5860000,False,-142.0,52.0,1,left,MISS K. Leonard 15' fadeaway Shot,[202695],1610612746.0,LAC,fadeaway,,,Leonard,K. Leonard,,,,,Mid-Range,8-16 Left,15.13,Missed,,,,,,,,,,,,,,,,,,,0022200604
594,PT05M19.00S,2023-01-09T04:05:39.3Z,4,REGULAR,rebound,defensive,[],1630168,,,1610612737,102,95,2023-01-09T04:05:43Z,5870000,False,,,0,,O. Okongwu REBOUND (Off:2 Def:7),[1630168],1610612737.0,ATL,,,,Okongwu,O. Okongwu,,,,,Mid-Range,8-16 Left,,,,,593.0,9.0,7.0,2.0,,,,,,,,,,,,,0022200604
595,PT05M09.00S,2023-01-09T04:05:50.9Z,4,REGULAR,foul,technical,['1freethrow'],1627826,,,1610612737,102,95,2023-01-09T04:06:10Z,5880000,False,,,0,,I. Zubac defensive-3-second technical FOUL (1 Tech),[1627826],1610612746.0,LAC,defensive-3-second,,,Zubac,I. Zubac,,,,,Above the Break 3,24+ Left Center,,,,,,,,,,,,,,,,203591.0,3.0,1.0,,,0022200604
596,PT05M09.00S,2023-01-09T04:06:16.8Z,4,REGULAR,freethrow,1 of 1,[],1629027,,,1610612737,102,96,2023-01-09T04:06:16Z,5890000,False,,,0,,T. Young technical Free Throw 1 of 1 (20 PTS),[1629027],1610612737.0,ATL,technical,,,Young,T. Young,,,,,,,,Made,,,,,,,20.0,,,,,,,,,,,,0022200604
597,PT05M09.00S,2023-01-09T04:06:17.9Z,4,REGULAR,substitution,out,[],202322,,,1610612737,102,96,2023-01-09T04:06:21Z,5900000,False,,,0,,SUB out: J. Wall,[202322],1610612746.0,LAC,,,,Wall,J. Wall,,,,,,,,,,,,,,,,,,,,,,,,,,,0022200604
598,PT05M09.00S,2023-01-09T04:06:17.9Z,4,REGULAR,substitution,in,[],201587,,,1610612737,102,96,2023-01-09T04:06:21Z,5910000,False,,,0,,SUB in: N. Batum,[201587],1610612746.0,LAC,,,,Batum,N. Batum,,,,,,,,,,,,,,,,,,,,,,,,,,,0022200604
599,PT05M09.00S,2023-01-09T04:06:28.4Z,4,REGULAR,substitution,out,[],1629611,,,1610612737,102,96,2023-01-09T04:06:37Z,5920000,False,,,0,,SUB out: T. Mann,[1629611],1610612746.0,LAC,,,,Mann,T. Mann,,,,,,,,,,,,,,,,,,,,,,,,,,,0022200604
600,PT05M09.00S,2023-01-09T04:06:28.4Z,4,REGULAR,substitution,in,[],202694,,,1610612737,102,96,2023-01-09T04:06:37Z,5930000,False,,,0,,SUB in: M. Morris Sr.,[202694],1610612746.0,LAC,,,,Morris Sr.,M. Morris Sr.,,,,,,,,,,,,,,,,,,,,,,,,,,,0022200604
601,PT05M03.00S,2023-01-09T04:06:47.5Z,4,REGULAR,turnover,out-of-bounds,[],1629027,,,1610612737,102,96,2023-01-09T04:06:53Z,5940000,False,,,0,,T. Young bad pass out-of-bounds TURNOVER (4 TO),[1629027],1610612737.0,ATL,bad pass,,,Young,T. Young,,,,,Mid-Range,16-24 Left,,,,,,,,,,,,,4.0,,,1627529.0,,,,,0022200604
602,PT04M56.00S,2023-01-09T04:07:15.1Z,4,REGULAR,foul,offensive,[],1627826,,,1610612746,102,96,2023-01-09T04:07:23Z,5950000,False,,,0,,I. Zubac charge offensive FOUL (4 PF),"[1627826, 1628381]",1610612746.0,LAC,charge,,,Zubac,I. Zubac,,,,,In The Paint (Non-RA),0-8 Center,,,,,,,,,,,,,,,,1627529.0,4.0,1.0,Collins,1628381.0,0022200604
604,PT04M56.00S,2023-01-09T04:07:15.1Z,4,REGULAR,turnover,offensive foul,[],1627826,,,1610612746,102,96,2023-01-09T04:07:15Z,5970000,False,,,0,,I. Zubac offensive foul TURNOVER (2 TO),[1627826],1610612746.0,LAC,,,,Zubac,I. Zubac,,,,,In The Paint (Non-RA),0-8 Center,,,,,,,,,,,,,2.0,,,1627529.0,,,,,0022200604
605,PT04M46.00S,2023-01-09T04:07:45.0Z,4,REGULAR,foul,personal,"['inpenalty', '2freethrow']",201587,,,1610612737,102,96,2023-01-09T04:08:31Z,5980000,False,,,0,,N. Batum shooting personal FOUL (5 PF) (Young 2 FT),"[201587, 1629027]",1610612746.0,LAC,shooting,,,Batum,N. Batum,,,,,Restricted Area,0-8 Center,,,,,,,,,,,,,,,,203591.0,5.0,0.0,Young,1629027.0,0022200604
607,PT04M46.00S,2023-01-09T04:08:16.8Z,4,REGULAR,freethrow,1 of 2,['fromturnover'],1629027,,,1610612737,102,97,2023-01-09T04:08:16Z,6000000,False,,,0,,T. Young Free Throw 1 of 2 (21 PTS),[1629027],1610612737.0,ATL,,,,Young,T. Young,,,,,,,,Made,,,,,,,21.0,,,,,,,,,,,,0022200604
608,PT04M46.00S,2023-01-09T04:08:27.0Z,4,REGULAR,freethrow,2 of 2,['fromturnover'],1629027,,,1610612737,102,98,2023-01-09T04:08:27Z,6010000,False,,,0,,T. Young Free Throw 2 of 2 (22 PTS),[1629027],1610612737.0,ATL,,,,Young,T. Young,,,,,,,,Made,,,,,,,22.0,,,,,,,,,,,,0022200604
610,PT04M30.00S,2023-01-09T04:09:03.9Z,4,REGULAR,turnover,bad pass,[],201587,,,1610612746,102,98,2023-01-09T04:09:07Z,6030000,False,,,0,,N. Batum bad pass TURNOVER (2 TO),"[201587, 1629631]",1610612746.0,LAC,,,,Batum,N. Batum,,,,,Above the Break 3,24+ Left Center,,,,,,,,,,,,,2.0,Hunter,1629631.0,,,,,,0022200604
611,PT04M30.00S,2023-01-09T04:09:03.9Z,4,REGULAR,steal,,[],1629631,,,1610612737,102,98,2023-01-09T04:09:05Z,6040000,False,,,0,,D. Hunter STEAL (2 STL),[1629631],1610612737.0,ATL,,,,Hunter,D. Hunter,,,,,Above the Break 3,24+ Left Center,,,,,,,,,,,,,,,,,,,,,0022200604
612,PT04M27.00S,2023-01-09T04:09:06.2Z,4,REGULAR,2pt,Layup,"['pointsinthepaint', 'fromturnover', 'fastbreak']",1629631,91.24507227332458,50.73529411764706,1610612737,102,100,2023-01-09T04:09:13Z,6050000,False,4.0,30.0,1,right,D. Hunter running Layup (20 PTS),[1629631],1610612737.0,ATL,running,,,Hunter,D. Hunter,,,,,Restricted Area,0-8 Center,3.0,Made,,,,,,,20.0,,,,,,,,,,,,0022200604
613,PT03M59.00S,2023-01-09T04:09:34.5Z,4,REGULAR,2pt,Layup,['pointsinthepaint'],1626181,6.750985545335084,53.67647058823529,1610612746,102,100,2023-01-09T04:15:24Z,6060000,False,-18.0,11.0,1,left,MISS N. Powell driving Layup - blocked,"[1626181, 1630168]",1610612746.0,LAC,driving,,,Powell,N. Powell,,,,,Restricted Area,0-8 Center,2.14,Missed,Okongwu,1630168.0,,,,,,,,,,,,,,,,,0022200604
614,PT03M59.00S,2023-01-09T04:09:34.5Z,4,REGULAR,block,,[],1630168,,,1610612746,102,100,2023-01-09T04:09:37Z,6070000,False,,,0,,O. Okongwu BLOCK (3 BLK),[1630168],1610612737.0,ATL,,,,Okongwu,O. Okongwu,,,,,Restricted Area,0-8 Center,,,,,,,,,,,,,,,,,,,,,0022200604
615,PT03M56.00S,2023-01-09T04:09:37.5Z,4,REGULAR,rebound,defensive,[],1628381,,,1610612737,102,100,2023-01-09T04:09:39Z,6080000,False,,,0,,J. Collins REBOUND (Off:0 Def:7),[1628381],1610612737.0,ATL,,,,Collins,J. Collins,,,,,Restricted Area,0-8 Center,,,,,613.0,7.0,7.0,0.0,,,,,,,,,,,,,0022200604
616,PT03M55.00S,2023-01-09T04:09:39.6Z,4,REGULAR,2pt,Layup,"['fastbreak', 'pointsinthepaint']",1627749,92.42772667542707,47.30392156862745,1610612737,102,102,2023-01-09T04:10:14Z,6090000,False,-13.0,19.0,1,right,D. Murray cutting Layup (14 PTS) (T. Young 8 AST),"[1627749, 1629027]",1610612737.0,ATL,cutting,,,Murray,D. Murray,,,,,Restricted Area,0-8 Center,2.31,Made,,,,,,,14.0,T. Young,1629027.0,8.0,,,,,,,,,0022200604
618,PT03M55.00S,2023-01-09T04:09:43.9Z,4,REGULAR,timeout,full,['team'],0,,,1610612746,102,102,2023-01-09T04:09:43Z,6110000,False,,,0,,LAC Timeout,[],1610612746.0,LAC,,,,,,,,,,,,,,,,,,,,,,,,,,,,,,,,0022200604
619,PT03M41.00S,2023-01-09T04:11:36.1Z,4,REGULAR,foul,personal,"['inpenalty', '2freethrow']",1629631,,,1610612746,102,102,2023-01-09T04:11:56Z,6120000,False,,,0,,D. Hunter personal FOUL (3 PF) (Leonard 2 FT),"[1629631, 202695]",1610612737.0,ATL,,,,Hunter,D. Hunter,,,,,Mid-Range,16-24 Right Center,,,,,,,,,,,,,,,,203591.0,3.0,0.0,Leonard,202695.0,0022200604
621,PT03M41.00S,2023-01-09T04:12:00.6Z,4,REGULAR,freethrow,1 of 2,[],202695,,,1610612746,103,102,2023-01-09T04:12:00Z,6140000,False,,,0,,K. Leonard Free Throw 1 of 2 (26 PTS),[202695],1610612746.0,LAC,,,,Leonard,K. Leonard,,,,,,,,Made,,,,,,,26.0,,,,,,,,,,,,0022200604
622,PT03M41.00S,2023-01-09T04:12:18.7Z,4,REGULAR,freethrow,2 of 2,[],202695,,,1610612746,104,102,2023-01-09T04:12:18Z,6150000,False,,,0,,K. Leonard Free Throw 2 of 2 (27 PTS),[202695],1610612746.0,LAC,,,,Leonard,K. Leonard,,,,,,,,Made,,,,,,,27.0,,,,,,,,,,,,0022200604
623,PT03M23.00S,2023-01-09T04:12:37.3Z,4,REGULAR,2pt,Jump Shot,[],1629027,91.11366622864652,28.67647058823529,1610612737,104,102,2023-01-09T04:12:42Z,6160000,False,-107.0,31.0,1,right,MISS T. Young 11' fadeaway Shot,[1629027],1610612737.0,ATL,fadeaway,,,Young,T. Young,,,,,Mid-Range,8-16 Left,11.1,Missed,,,,,,,,,,,,,,,,,,,0022200604
624,PT03M21.00S,2023-01-09T04:12:39.3Z,4,REGULAR,rebound,defensive,[],202694,,,1610612746,104,102,2023-01-09T04:12:42Z,6170000,False,,,0,,M. Morris Sr. REBOUND (Off:0 Def:6),[202694],1610612746.0,LAC,,,,Morris Sr.,M. Morris Sr.,,,,,Mid-Range,8-16 Left,,,,,623.0,6.0,6.0,0.0,,,,,,,,,,,,,0022200604
625,PT03M06.00S,2023-01-09T04:12:54.8Z,4,REGULAR,3pt,Jump Shot,[],201587,23.570959264126145,87.5,1610612746,104,102,2023-01-09T04:12:59Z,6180000,False,-188.0,169.0,1,left,MISS N. Batum 25' 3PT,[201587],1610612746.0,LAC,,,,Batum,N. Batum,,,,,Above the Break 3,24+ Left Center,25.25,Missed,,,,,,,,,,,,,,,,,,,0022200604
626,PT03M02.00S,2023-01-09T04:12:58.8Z,4,REGULAR,rebound,defensive,[],1627749,,,1610612737,104,102,2023-01-09T04:12:59Z,6190000,False,,,0,,D. Murray REBOUND (Off:1 Def:3),[1627749],1610612737.0,ATL,,,,Murray,D. Murray,,,,,Above the Break 3,24+ Left Center,,,,,625.0,4.0,3.0,1.0,,,,,,,,,,,,,0022200604
627,PT02M53.00S,2023-01-09T04:13:07.7Z,4,REGULAR,2pt,Layup,['pointsinthepaint'],1630168,93.34756898817345,44.85294117647059,1610612737,104,102,2023-01-09T04:13:12Z,6200000,False,-26.0,10.0,1,right,MISS O. Okongwu Layup - blocked,"[1630168, 202694]",1610612737.0,ATL,,,,Okongwu,O. Okongwu,,,,,Restricted Area,0-8 Center,2.76,Missed,Morris Sr.,202694.0,,,,,,,,,,,,,,,,,0022200604
628,PT02M53.00S,2023-01-09T04:13:07.7Z,4,REGULAR,block,,[],202694,,,1610612737,104,102,2023-01-09T04:13:10Z,6210000,False,,,0,,M. Morris Sr. BLOCK (1 BLK),[202694],1610612746.0,LAC,,,,Morris Sr.,M. Morris Sr.,,,,,Restricted Area,0-8 Center,,,,,,,,,,,,,,,,,,,,,0022200604
629,PT02M53.00S,2023-01-09T04:13:07.7Z,4,REGULAR,rebound,defensive,['team'],0,,,1610612746,104,102,2023-01-09T04:13:12Z,6220000,False,,,0,,TEAM defensive REBOUND,[],1610612746.0,LAC,,,,,,,,,,Restricted Area,0-8 Center,,,,,627.0,,,,,,,,,,,,,,,,0022200604
631,PT02M34.00S,2023-01-09T04:13:44.9Z,4,REGULAR,2pt,Jump Shot,[],202694,14.109724047306173,16.911764705882348,1610612746,106,102,2023-01-09T04:13:48Z,6240000,False,165.0,80.0,1,left,M. Morris Sr. 18' pullup Jump Shot (15 PTS),[202694],1610612746.0,LAC,pullup,,,Morris Sr.,M. Morris Sr.,,,,,Mid-Range,16-24 Right,18.38,Made,,,,,,,15.0,,,,,,,,,,,,0022200604
632,PT02M16.00S,2023-01-09T04:14:11.4Z,4,REGULAR,3pt,Jump Shot,[],1627749,71.92838370565046,74.50980392156863,1610612737,106,102,2023-01-09T04:14:15Z,6250000,False,123.0,211.0,1,right,MISS D. Murray 24' 3PT,[1627749],1610612737.0,ATL,,,,Murray,D. Murray,,,,,Above the Break 3,24+ Right Center,24.43,Missed,,,,,,,,,,,,,,,,,,,0022200604
633,PT02M13.00S,2023-01-09T04:14:14.4Z,4,REGULAR,rebound,defensive,[],1627826,,,1610612746,106,102,2023-01-09T04:14:15Z,6260000,False,,,0,,I. Zubac REBOUND (Off:8 Def:10),[1627826],1610612746.0,LAC,,,,Zubac,I. Zubac,,,,,Above the Break 3,24+ Right Center,,,,,632.0,18.0,10.0,8.0,,,,,,,,,,,,,0022200604
634,PT01M57.00S,2023-01-09T04:14:30.9Z,4,REGULAR,3pt,Jump Shot,[],1626181,28.43298291721419,80.63725490196079,1610612746,106,102,2023-01-09T04:14:35Z,6270000,False,-153.0,215.0,1,left,MISS N. Powell 26' 3PT,[1626181],1610612746.0,LAC,,,,Powell,N. Powell,,,,,Above the Break 3,24+ Left Center,26.38,Missed,,,,,,,,,,,,,,,,,,,0022200604
635,PT01M53.00S,2023-01-09T04:14:34.9Z,4,REGULAR,rebound,defensive,[],1627749,,,1610612737,106,102,2023-01-09T04:14:35Z,6280000,False,,,0,,D. Murray REBOUND (Off:1 Def:4),[1627749],1610612737.0,ATL,,,,Murray,D. Murray,,,,,Above the Break 3,24+ Left Center,,,,,634.0,5.0,4.0,1.0,,,,,,,,,,,,,0022200604
636,PT01M43.00S,2023-01-09T04:14:45.2Z,4,REGULAR,2pt,Jump Shot,['pointsinthepaint'],1627749,86.90867279894876,49.01960784313726,1610612737,106,104,2023-01-09T04:14:49Z,6290000,False,-5.0,71.0,1,right,D. Murray 7' turnaround Jump Shot (16 PTS),[1627749],1610612737.0,ATL,turnaround,,,Murray,D. Murray,,,,,In The Paint (Non-RA),0-8 Center,7.08,Made,,,,,,,16.0,,,,,,,,,,,,0022200604
637,PT01M25.00S,2023-01-09T04:15:05.1Z,4,REGULAR,turnover,bad pass,[],202694,,,1610612746,106,104,2023-01-09T04:15:08Z,6300000,False,,,0,,M. Morris Sr. bad pass TURNOVER (2 TO),"[202694, 1627749]",1610612746.0,LAC,,,,Morris Sr.,M. Morris Sr.,,,,,Above the Break 3,24+ Left Center,,,,,,,,,,,,,2.0,Murray,1627749.0,,,,,,0022200604
638,PT01M25.00S,2023-01-09T04:15:05.1Z,4,REGULAR,steal,,[],1627749,,,1610612737,106,104,2023-01-09T04:15:06Z,6310000,False,,,0,,D. Murray STEAL (1 STL),[1627749],1610612737.0,ATL,,,,Murray,D. Murray,,,,,Above the Break 3,24+ Left Center,,,,,,,,,,,,,,,,,,,,,0022200604
639,PT01M16.00S,2023-01-09T04:15:16.5Z,4,REGULAR,foul,personal,"['inpenalty', '2freethrow']",1626181,,,1610612737,106,104,2023-01-09T04:15:23Z,6320000,False,,,0,,N. Powell personal FOUL (2 PF) (Young 2 FT),"[1626181, 1629027]",1610612746.0,LAC,,,,Powell,N. Powell,,,,,Above the Break 3,24+ Right Center,,,,,,,,,,,,,,,,1627529.0,2.0,0.0,Young,1629027.0,0022200604
641,PT01M16.00S,2023-01-09T04:15:45.8Z,4,REGULAR,freethrow,1 of 2,['fromturnover'],1629027,,,1610612737,106,105,2023-01-09T04:15:45Z,6340000,False,,,0,,T. Young Free Throw 1 of 2 (23 PTS),[1629027],1610612737.0,ATL,,,,Young,T. Young,,,,,,,,Made,,,,,,,23.0,,,,,,,,,,,,0022200604
642,PT01M16.00S,2023-01-09T04:16:05.7Z,4,REGULAR,freethrow,2 of 2,['fromturnover'],1629027,,,1610612737,106,106,2023-01-09T04:16:05Z,6350000,False,,,0,,T. Young Free Throw 2 of 2 (24 PTS),[1629027],1610612737.0,ATL,,,,Young,T. Young,,,,,,,,Made,,,,,,,24.0,,,,,,,,,,,,0022200604
643,PT00M57.90S,2023-01-09T04:16:28.9Z,4,REGULAR,2pt,Jump Shot,['pointsinthepaint'],202695,17.000657030223394,49.26470588235294,1610612746,106,106,2023-01-09T04:16:35Z,6360000,False,4.0,107.0,1,left,MISS K. Leonard 10' fadeaway Shot,[202695],1610612746.0,LAC,fadeaway,,,Leonard,K. Leonard,,,,,In The Paint (Non-RA),8-16 Center,10.74,Missed,,,,,,,,,,,,,,,,,,,0022200604
644,PT00M54.60S,2023-01-09T04:16:32.2Z,4,REGULAR,rebound,defensive,[],1628381,,,1610612737,106,106,2023-01-09T04:16:35Z,6370000,False,,,0,,J. Collins REBOUND (Off:0 Def:8),[1628381],1610612737.0,ATL,,,,Collins,J. Collins,,,,,In The Paint (Non-RA),8-16 Center,,,,,643.0,8.0,8.0,0.0,,,,,,,,,,,,,0022200604
645,PT00M47.70S,2023-01-09T04:16:40.8Z,4,REGULAR,2pt,Jump Shot,['pointsinthepaint'],1629027,83.96846254927726,47.03584558823529,1610612737,106,108,2023-01-09T04:16:46Z,6380000,False,-15.0,98.0,1,right,T. Young 9' driving floating Jump Shot (26 PTS),[1629027],1610612737.0,ATL,driving floating,,,Young,T. Young,,,,,In The Paint (Non-RA),8-16 Center,9.93,Made,,,,,,,26.0,,,,,,,,,,,,0022200604
646,PT00M47.70S,2023-01-09T04:16:45.5Z,4,REGULAR,timeout,full,['team'],0,,,1610612746,106,108,2023-01-09T04:16:45Z,6390000,False,,,0,,LAC Timeout,[],1610612746.0,LAC,,,,,,,,,,,,,,,,,,,,,,,,,,,,,,,,0022200604
647,PT00M47.70S,2023-01-09T04:18:05.0Z,4,REGULAR,substitution,out,[],1627826,,,1610612746,106,108,2023-01-09T04:18:16Z,6400000,False,,,0,,SUB out: I. Zubac,[1627826],1610612746.0,LAC,,,,Zubac,I. Zubac,,,,,,,,,,,,,,,,,,,,,,,,,,,0022200604
648,PT00M47.70S,2023-01-09T04:18:05.0Z,4,REGULAR,substitution,out,[],1629027,,,1610612746,106,108,2023-01-09T04:18:16Z,6410000,False,,,0,,SUB out: T. Young,[1629027],1610612737.0,ATL,,,,Young,T. Young,,,,,,,,,,,,,,,,,,,,,,,,,,,0022200604
649,PT00M47.70S,2023-01-09T04:18:05.0Z,4,REGULAR,substitution,in,[],1629611,,,1610612746,106,108,2023-01-09T04:18:16Z,6420000,False,,,0,,SUB in: T. Mann,[1629611],1610612746.0,LAC,,,,Mann,T. Mann,,,,,,,,,,,,,,,,,,,,,,,,,,,0022200604
650,PT00M47.70S,2023-01-09T04:18:05.0Z,4,REGULAR,substitution,in,[],1630552,,,1610612746,106,108,2023-01-09T04:18:16Z,6430000,False,,,0,,SUB in: J. Johnson,[1630552],1610612737.0,ATL,,,,Johnson,J. Johnson,,,,,,,,,,,,,,,,,,,,,,,,,,,0022200604
651,PT00M43.90S,2023-01-09T04:18:35.5Z,4,REGULAR,2pt,Layup,['pointsinthepaint'],202695,6.4881734559789805,46.568627450980394,1610612746,108,108,2023-01-09T04:18:39Z,6440000,False,17.0,8.0,1,left,K. Leonard driving Layup (29 PTS) (M. Morris Sr. 2 AST),"[202695, 202694]",1610612746.0,LAC,driving,,,Leonard,K. Leonard,,,,,Restricted Area,0-8 Center,1.92,Made,,,,,,,29.0,M. Morris Sr.,202694.0,2.0,,,,,,,,,0022200604
653,PT00M43.90S,2023-01-09T04:18:42.7Z,4,REGULAR,timeout,full,['team'],0,,,1610612737,108,108,2023-01-09T04:18:42Z,6460000,False,,,0,,ATL Timeout,[],1610612737.0,ATL,,,,,,,,,,,,,,,,,,,,,,,,,,,,,,,,0022200604
654,PT00M43.90S,2023-01-09T04:20:15.5Z,4,REGULAR,substitution,out,[],1626181,,,1610612737,108,108,2023-01-09T04:20:27Z,6470000,False,,,0,,SUB out: N. Powell,[1626181],1610612746.0,LAC,,,,Powell,N. Powell,,,,,,,,,,,,,,,,,,,,,,,,,,,0022200604
655,PT00M43.90S,2023-01-09T04:20:15.5Z,4,REGULAR,substitution,out,[],1630552,,,1610612737,108,108,2023-01-09T04:20:27Z,6480000,False,,,0,,SUB out: J. Johnson,[1630552],1610612737.0,ATL,,,,Johnson,J. Johnson,,,,,,,,,,,,,,,,,,,,,,,,,,,0022200604
656,PT00M43.90S,2023-01-09T04:20:15.5Z,4,REGULAR,substitution,in,[],1627826,,,1610612737,108,108,2023-01-09T04:20:27Z,6490000,False,,,0,,SUB in: I. Zubac,[1627826],1610612746.0,LAC,,,,Zubac,I. Zubac,,,,,,,,,,,,,,,,,,,,,,,,,,,0022200604
657,PT00M43.90S,2023-01-09T04:20:15.5Z,4,REGULAR,substitution,in,[],1629027,,,1610612737,108,108,2023-01-09T04:20:27Z,6500000,False,,,0,,SUB in: T. Young,[1629027],1610612737.0,ATL,,,,Young,T. Young,,,,,,,,,,,,,,,,,,,,,,,,,,,0022200604
658,PT00M33.10S,2023-01-09T04:20:38.6Z,4,REGULAR,2pt,Jump Shot,['pointsinthepaint'],1629027,84.67477003942182,57.84313725490196,1610612737,108,110,2023-01-09T04:20:43Z,6510000,False,39.0,92.0,1,right,T. Young 9' driving floating Jump Shot (28 PTS),[1629027],1610612737.0,ATL,driving floating,,,Young,T. Young,,,,,In The Paint (Non-RA),8-16 Center,9.96,Made,,,,,,,28.0,,,,,,,,,,,,0022200604
659,PT00M14.60S,2023-01-09T04:20:59.8Z,4,REGULAR,3pt,Jump Shot,[],202695,32.769382391590014,37.254901960784316,1610612746,108,110,2023-01-09T04:21:08Z,6520000,False,64.0,256.0,1,left,MISS K. Leonard 26' pullup 3PT,[202695],1610612746.0,LAC,pullup,,,Leonard,K. Leonard,,,,,Above the Break 3,24+ Center,26.33,Missed,,,,,,,,,,,,,,,,,,,0022200604
660,PT00M12.50S,2023-01-09T04:21:01.9Z,4,REGULAR,rebound,offensive,[],1629611,,,1610612746,108,110,2023-01-09T04:21:08Z,6530000,False,,,0,,T. Mann REBOUND (Off:7 Def:1),[1629611],1610612746.0,LAC,,,,Mann,T. Mann,,,,,Above the Break 3,24+ Center,,,,,659.0,8.0,1.0,7.0,,,,,,,,,,,,,0022200604
661,PT00M10.80S,2023-01-09T04:21:03.5Z,4,REGULAR,3pt,Jump Shot,['2ndchance'],202694,27.77595269382391,79.65686274509804,1610612746,108,110,2023-01-09T04:24:20Z,6540000,False,-148.0,209.0,1,left,MISS M. Morris Sr. 25' step back 3PT,[202694],1610612746.0,LAC,step back,,,Morris Sr.,M. Morris Sr.,,,,,Above the Break 3,24+ Left Center,25.59,Missed,,,,,,,,,,,,,,,,,,,0022200604
662,PT00M06.90S,2023-01-09T04:21:07.5Z,4,REGULAR,rebound,defensive,[],1628381,,,1610612737,108,110,2023-01-09T04:21:07Z,6550000,False,,,0,,J. Collins REBOUND (Off:0 Def:9),[1628381],1610612737.0,ATL,,,,Collins,J. Collins,,,,,Above the Break 3,24+ Left Center,,,,,661.0,9.0,9.0,0.0,,,,,,,,,,,,,0022200604
663,PT00M05.70S,2023-01-09T04:21:12.4Z,4,REGULAR,foul,personal,"['inpenalty', '2freethrow']",202694,,,1610612737,108,110,2023-01-09T04:25:36Z,6560000,False,,,0,,M. Morris Sr. take personal FOUL (2 PF) (Young 2 FT),"[202694, 1629027]",1610612746.0,LAC,take,,,Morris Sr.,M. Morris Sr.,,,,,Mid-Range,16-24 Left Center,,,,,,,,,,,,,,,,203591.0,2.0,0.0,Young,1629027.0,0022200604
665,PT00M05.70S,2023-01-09T04:21:50.9Z,4,REGULAR,freethrow,1 of 2,[],1629027,,,1610612737,108,111,2023-01-09T04:21:50Z,6580000,False,,,0,,T. Young Free Throw 1 of 2 (29 PTS),[1629027],1610612737.0,ATL,,,,Young,T. Young,,,,,,,,Made,,,,,,,29.0,,,,,,,,,,,,0022200604
666,PT00M05.70S,2023-01-09T04:21:53.6Z,4,REGULAR,substitution,out,[],1629611,,,1610612737,108,111,2023-01-09T04:21:59Z,6590000,False,,,0,,SUB out: T. Mann,[1629611],1610612746.0,LAC,,,,Mann,T. Mann,,,,,,,,,,,,,,,,,,,,,,,,,,,0022200604
667,PT00M05.70S,2023-01-09T04:21:53.6Z,4,REGULAR,substitution,in,[],1626181,,,1610612737,108,111,2023-01-09T04:21:59Z,6600000,False,,,0,,SUB in: N. Powell,[1626181],1610612746.0,LAC,,,,Powell,N. Powell,,,,,,,,,,,,,,,,,,,,,,,,,,,0022200604
668,PT00M05.70S,2023-01-09T04:22:12.1Z,4,REGULAR,freethrow,2 of 2,[],1629027,,,1610612737,108,112,2023-01-09T04:22:12Z,6610000,False,,,0,,T. Young Free Throw 2 of 2 (30 PTS),[1629027],1610612737.0,ATL,,,,Young,T. Young,,,,,,,,Made,,,,,,,30.0,,,,,,,,,,,,0022200604
669,PT00M00.00S,2023-01-09T04:22:35.0Z,4,REGULAR,period,end,[],0,,,1610612746,108,112,2023-01-09T04:22:35Z,6620000,False,,,0,,Period End,[],,,,,,,,,,,,,,,,,,,,,,,,,,,,,,,,,,0022200604
670,PT00M00.00S,2023-01-09T04:22:41.7Z,4,REGULAR,game,end,[],0,,,0,108,112,2023-01-09T04:22:41Z,6630000,False,,,0,,Game End,[],,,,,,,,,,,,,,,,,,,,,,,,,,,,,,,,,,0022200604
